year,country_name,rank,life_evaluation_3-year_average,explained_by_log_gdp_per_capita,explained_by_healthy_life_expectancy,explained_by_perceptions_of_corruption
2011,Afghanistan,131,4.258,,,
2012,Afghanistan,143,4.04,,,
2014,Afghanistan,153,3.575,,,
2015,Afghanistan,153,3.36,,,
2016,Afghanistan,141,3.794,,,
2017,Afghanistan,145,3.632,,,
2018,Afghanistan,154,3.203,,,
2019,Afghanistan,153,2.567,0.301,0.266,0.001
2020,Afghanistan,149,2.523,0.37,0.126,0.01
2021,Afghanistan,146,2.404,0.758,0.289,0.005
2022,Afghanistan,137,1.859,0.645,0.087,0.059
2023,Afghanistan,143,1.721,0.628,0.242,0.088
2024,Afghanistan,147,1.364,0.649,0.155,0.135
2011,Albania,88,5.134,,,
2012,Albania,62,5.55,,,
2014,Albania,95,4.959,,,
2015,Albania,108,4.655,,,
2016,Albania,109,4.644,,,
2017,Albania,112,4.586,,,
2018,Albania,107,4.719,,,
2019,Albania,105,4.883,0.907,0.846,0.025
2020,Albania,93,5.117,1.008,0.646,0.024
2021,Albania,89,5.199,1.439,0.719,0.028
2022,Albania,83,5.277,1.449,0.48,0.037
2023,Albania,87,5.304,1.438,0.638,0.049
2024,Albania,89,5.411,1.371,0.696,0.057
2011,Algeria,71,5.368,,,
2012,Algeria,73,5.422,,,
2014,Algeria,68,5.605,,,
2015,Algeria,38,6.355,,,
2016,Algeria,53,5.872,,,
2017,Algeria,84,5.295,,,
2018,Algeria,88,5.211,,,
2019,Algeria,100,5.005,0.944,0.745,0.129
2020,Algeria,109,4.887,0.946,0.552,0.12
2021,Algeria,96,5.122,1.363,0.643,0.15
2022,Algeria,81,5.329,1.353,0.409,0.152
2023,Algeria,85,5.364,1.324,0.568,0.2
2024,Algeria,84,5.571,1.315,0.782,0.219
2011,Angola,135,4.178,,,
2012,Angola,61,5.589,,,
2014,Angola,137,4.033,,,
2015,Angola,140,3.866,,,
2016,Angola,140,3.795,,,
2017,Angola,142,3.795,,,
2011,Argentina,39,6.242,,,
2012,Argentina,29,6.562,,,
2014,Argentina,30,6.574,,,
2015,Argentina,26,6.65,,,
2016,Argentina,24,6.599,,,
2017,Argentina,29,6.388,,,
2018,Argentina,47,6.086,,,
2019,Argentina,55,5.975,1.028,0.85,0.06
2020,Argentina,57,5.929,1.162,0.646,0.067
2021,Argentina,57,5.967,1.592,0.662,0.085
2022,Argentina,52,6.024,1.59,0.427,0.082
2023,Argentina,48,6.188,1.562,0.585,0.08
2024,Argentina,42,6.397,1.504,0.579,0.083
2011,Armenia,121,4.474,,,
2012,Armenia,128,4.316,,,
2014,Armenia,127,4.35,,,
2015,Armenia,120,4.36,,,
2016,Armenia,121,4.376,,,
2017,Armenia,129,4.321,,,
2018,Armenia,116,4.559,,,
2019,Armenia,116,4.677,0.808,0.776,0.105
2020,Armenia,86,5.283,0.996,0.585,0.198
2021,Armenia,82,5.399,1.434,0.668,0.21
2022,Armenia,79,5.342,1.466,0.443,0.16
2023,Armenia,82,5.455,1.444,0.603,0.173
2024,Armenia,87,5.494,1.391,0.828,0.158
2011,Australia,9,7.345,,,
2012,Australia,10,7.35,,,
2014,Australia,10,7.284,,,
2015,Australia,9,7.313,,,
2016,Australia,9,7.284,,,
2017,Australia,10,7.272,,,
2018,Australia,11,7.228,,,
2019,Australia,12,7.223,1.31,1.023,0.336
2020,Australia,11,7.183,1.453,0.801,0.317
2021,Australia,12,7.162,1.9,0.772,0.341
2022,Australia,12,7.095,1.899,0.532,0.31
2023,Australia,10,7.057,1.854,0.692,0.323
2024,Australia,11,6.974,1.767,0.841,0.285
2011,Austria,13,7.227,,,
2012,Austria,8,7.369,,,
2014,Austria,13,7.2,,,
2015,Austria,12,7.119,,,
2016,Austria,13,7.006,,,
2017,Austria,12,7.139,,,
2018,Austria,10,7.246,,,
2019,Austria,9,7.294,1.317,1.001,0.281
2020,Austria,10,7.268,1.492,0.782,0.292
2021,Austria,11,7.163,1.931,0.774,0.329
2022,Austria,11,7.097,1.927,0.535,0.31
2023,Austria,14,6.905,1.885,0.696,0.305
2024,Austria,17,6.81,1.791,0.814,0.28
2011,Azerbaijan,116,4.582,,,
2012,Azerbaijan,116,4.604,,,
2014,Azerbaijan,80,5.212,,,
2015,Azerbaijan,80,5.291,,,
2016,Azerbaijan,85,5.234,,,
2017,Azerbaijan,87,5.201,,,
2018,Azerbaijan,89,5.208,,,
2019,Azerbaijan,89,5.165,0.99,0.731,0.247
2020,Azerbaijan,90,5.171,1.025,0.541,0.276
2021,Azerbaijan,92,5.173,1.458,0.56,0.341
2023,Azerbaijan,101,4.893,1.433,0.496,0.199
2024,Azerbaijan,106,4.875,1.428,0.707,0.179
2011,Bahrain,61,5.568,,,
2012,Bahrain,79,5.312,,,
2014,Bahrain,49,5.96,,,
2015,Bahrain,42,6.218,,,
2016,Bahrain,41,6.087,,,
2017,Bahrain,43,6.105,,,
2018,Bahrain,37,6.199,,,
2019,Bahrain,40,6.227,1.297,0.839,0.127
2020,Bahrain,22,6.647,1.409,0.662,0.139
2021,Bahrain,21,6.647,1.854,0.625,0.155
2022,Bahrain,42,6.173,1.883,0.389,0.138
2023,Bahrain,62,5.959,,,
2024,Bahrain,59,6.03,1.752,0.609,0.167
2011,Bangladesh,104,4.807,,,
2012,Bangladesh,108,4.804,,,
2014,Bangladesh,109,4.694,,,
2015,Bangladesh,109,4.643,,,
2016,Bangladesh,110,4.608,,,
2017,Bangladesh,115,4.5,,,
2018,Bangladesh,125,4.456,,,
2019,Bangladesh,107,4.833,0.556,0.695,0.177
2020,Bangladesh,101,5.025,0.635,0.514,0.164
2021,Bangladesh,94,5.155,1.06,0.581,0.187
2022,Bangladesh,118,4.282,1.133,0.355,0.165
2023,Bangladesh,129,3.886,1.122,0.513,0.167
2024,Bangladesh,134,3.851,1.116,0.592,0.132
2011,Belarus,62,5.566,,,
2012,Belarus,66,5.504,,,
2014,Belarus,59,5.813,,,
2015,Belarus,61,5.802,,,
2016,Belarus,67,5.569,,,
2017,Belarus,73,5.483,,,
2018,Belarus,81,5.323,,,
2019,Belarus,75,5.54,1.019,0.753,0.194
2020,Belarus,75,5.534,1.124,0.56,0.199
2021,Belarus,65,5.821,1.562,0.629,0.282
2011,Belgium,15,7.113,,,
2012,Belgium,21,6.967,,,
2014,Belgium,19,6.937,,,
2015,Belgium,18,6.929,,,
2016,Belgium,17,6.891,,,
2017,Belgium,16,6.927,,,
2018,Belgium,18,6.923,,,
2019,Belgium,20,6.864,1.296,0.965,0.209
2020,Belgium,20,6.834,1.463,0.747,0.187
2021,Belgium,19,6.805,1.907,0.764,0.204
2022,Belgium,17,6.859,1.907,0.528,0.273
2023,Belgium,16,6.894,1.868,0.69,0.311
2024,Belgium,14,6.91,1.783,0.852,0.306
2011,Belize,34,6.451,,,
2015,Belize,52,5.956,,,
2016,Belize,50,5.956,,,
2017,Belize,49,5.956,,,
2024,Belize,25,6.711,1.256,0.525,0.082
2011,Benin,155,3.493,,,
2012,Benin,155,3.528,,,
2014,Benin,155,3.34,,,
2015,Benin,152,3.484,,,
2016,Benin,143,3.657,,,
2017,Benin,136,4.141,,,
2018,Benin,102,4.883,,,
2019,Benin,86,5.216,0.366,0.328,0.126
2020,Benin,99,5.045,0.507,0.196,0.178
2021,Benin,115,4.623,0.932,0.335,0.23
2022,Benin,116,4.374,0.924,0.124,0.253
2023,Benin,116,4.377,0.914,0.284,0.252
2024,Benin,121,4.357,0.855,0.357,0.238
2014,Bhutan,79,5.253,,,
2015,Bhutan,84,5.196,,,
2016,Bhutan,97,5.011,,,
2017,Bhutan,97,5.082,,,
2018,Bhutan,95,5.082,,,
2011,Bolivia,57,5.633,,,
2012,Bolivia,50,5.857,,,
2014,Bolivia,51,5.89,,,
2015,Bolivia,59,5.822,,,
2016,Bolivia,58,5.823,,,
2017,Bolivia,62,5.752,,,
2018,Bolivia,61,5.779,,,
2019,Bolivia,65,5.747,0.731,0.662,0.073
2020,Bolivia,69,5.716,0.842,0.486,0.064
2021,Bolivia,71,5.6,1.256,0.555,0.064
2022,Bolivia,69,5.684,1.24,0.329,0.06
2023,Bolivia,73,5.784,1.217,0.488,0.061
2024,Bolivia,74,5.868,1.173,0.346,0.052
2011,Bosnia and Herzegovina,99,4.857,,,
2012,Bosnia and Herzegovina,106,4.813,,,
2014,Bosnia and Herzegovina,96,4.949,,,
2015,Bosnia and Herzegovina,87,5.163,,,
2016,Bosnia and Herzegovina,90,5.182,,,
2017,Bosnia and Herzegovina,93,5.129,,,
2018,Bosnia and Herzegovina,78,5.386,,,
2019,Bosnia and Herzegovina,69,5.674,0.918,0.814,0.001
2020,Bosnia and Herzegovina,64,5.813,1.032,0.618,0.005
2021,Bosnia and Herzegovina,67,5.768,1.468,0.665,0.006
2022,Bosnia and Herzegovina,71,5.633,1.467,0.429,0.008
2023,Bosnia and Herzegovina,65,5.877,1.465,0.587,0.0
2024,Bosnia and Herzegovina,56,6.136,1.405,0.616,0.009
2011,Botswana,117,4.581,,,
2012,Botswana,145,3.97,,,
2014,Botswana,128,4.332,,,
2015,Botswana,136,3.974,,,
2016,Botswana,142,3.766,,,
2017,Botswana,146,3.59,,,
2018,Botswana,148,3.488,,,
2019,Botswana,147,3.479,0.998,0.494,0.102
2020,Botswana,146,3.467,1.099,0.34,0.088
2021,Botswana,142,3.471,1.503,0.28,0.102
2022,Botswana,132,3.435,1.471,0.087,0.071
2023,Botswana,137,3.383,1.445,0.241,0.082
2024,Botswana,142,3.438,1.388,0.094,0.083
2011,Brazil,25,6.697,,,
2012,Brazil,24,6.849,,,
2014,Brazil,16,6.983,,,
2015,Brazil,17,6.952,,,
2016,Brazil,22,6.635,,,
2017,Brazil,28,6.419,,,
2018,Brazil,32,6.3,,,
2019,Brazil,32,6.376,0.953,0.766,0.107
2020,Brazil,35,6.33,1.028,0.571,0.117
2021,Brazil,38,6.293,1.462,0.615,0.134
2022,Brazil,48,6.125,1.454,0.387,0.137
2023,Brazil,44,6.272,1.43,0.548,0.142
2024,Brazil,36,6.494,1.391,0.48,0.127
2011,Bulgaria,147,3.889,,,
2012,Bulgaria,144,3.981,,,
2014,Bulgaria,134,4.218,,,
2015,Bulgaria,128,4.217,,,
2016,Bulgaria,105,4.714,,,
2017,Bulgaria,100,4.933,,,
2018,Bulgaria,97,5.011,,,
2019,Bulgaria,96,5.102,1.047,0.778,0.0
2020,Bulgaria,88,5.266,1.181,0.583,0.005
2021,Bulgaria,85,5.371,1.625,0.64,0.021
2022,Bulgaria,77,5.466,1.635,0.408,0.013
2023,Bulgaria,81,5.463,1.629,0.567,0.006
2024,Bulgaria,85,5.554,1.573,0.463,0.0
2011,Burkina Faso,144,3.926,,,
2012,Burkina Faso,131,4.259,,,
2014,Burkina Faso,152,3.587,,,
2015,Burkina Faso,144,3.739,,,
2016,Burkina Faso,134,4.032,,,
2017,Burkina Faso,121,4.424,,,
2018,Burkina Faso,115,4.587,,,
2019,Burkina Faso,112,4.769,0.302,0.313,0.126
2020,Burkina Faso,113,4.834,0.364,0.179,0.122
2021,Burkina Faso,113,4.67,0.779,0.32,0.126
2022,Burkina Faso,104,4.638,0.768,0.107,0.113
2023,Burkina Faso,110,4.548,0.756,0.274,0.179
2024,Burkina Faso,120,4.383,0.724,0.296,0.218
2011,Burundi,152,3.678,,,
2012,Burundi,153,3.706,,,
2014,Burundi,157,2.906,,,
2015,Burundi,156,2.905,,,
2016,Burundi,154,2.905,,,
2017,Burundi,156,2.905,,,
2018,Burundi,145,3.775,,,
2019,Burundi,140,3.775,0.0,0.295,0.212
2020,Burundi,140,3.775,0.0,0.155,0.212
2011,Cambodia,138,4.101,,,
2012,Cambodia,140,4.067,,,
2014,Cambodia,145,3.819,,,
2015,Cambodia,139,3.907,,,
2016,Cambodia,129,4.168,,,
2017,Cambodia,120,4.433,,,
2018,Cambodia,109,4.7,,,
2019,Cambodia,106,4.848,0.545,0.588,0.073
2020,Cambodia,114,4.83,0.603,0.426,0.061
2021,Cambodia,114,4.64,1.019,0.505,0.068
2022,Cambodia,115,4.393,1.025,0.283,0.051
2023,Cambodia,119,4.341,1.011,0.442,0.071
2024,Cambodia,124,4.341,1.049,0.481,0.078
2011,Cameroon,126,4.376,,,
2012,Cameroon,122,4.42,,,
2014,Cameroon,133,4.252,,,
2015,Cameroon,113,4.513,,,
2016,Cameroon,107,4.695,,,
2017,Cameroon,99,4.975,,,
2018,Cameroon,96,5.044,,,
2019,Cameroon,98,5.085,0.504,0.27,0.054
2020,Cameroon,91,5.142,0.543,0.159,0.058
2021,Cameroon,101,5.048,0.968,0.317,0.074
2022,Cameroon,96,4.973,0.965,0.118,0.059
2023,Cameroon,104,4.874,0.943,0.288,0.06
2024,Cameroon,104,4.887,0.944,0.302,0.06
2011,Canada,5,7.499,,,
2012,Canada,6,7.477,,,
2014,Canada,5,7.427,,,
2015,Canada,6,7.404,,,
2016,Canada,7,7.316,,,
2017,Canada,7,7.328,,,
2018,Canada,9,7.278,,,
2019,Canada,11,7.232,1.302,1.023,0.352
2020,Canada,14,7.103,1.447,0.798,0.335
2021,Canada,15,7.025,1.886,0.783,0.368
2022,Canada,13,6.961,1.881,0.541,0.364
2023,Canada,15,6.9,1.84,0.701,0.368
2024,Canada,18,6.803,1.749,0.832,0.323
2011,Central African Republic,154,3.568,,,
2012,Central African Republic,154,3.623,,,
2014,Central African Republic,148,3.678,,,
2016,Central African Republic,155,2.693,,,
2017,Central African Republic,155,3.083,,,
2018,Central African Republic,155,3.083,,,
2019,Central African Republic,149,3.476,0.041,0.0,0.028
2011,Chad,145,3.919,,,
2012,Chad,141,4.056,,,
2014,Chad,149,3.667,,,
2015,Chad,143,3.763,,,
2016,Chad,137,3.936,,,
2017,Chad,131,4.301,,,
2018,Chad,132,4.35,,,
2019,Chad,127,4.423,0.302,0.109,0.086
2020,Chad,128,4.355,0.255,0.0,0.084
2021,Chad,130,4.251,0.662,0.225,0.077
2022,Chad,114,4.397,0.622,0.043,0.088
2023,Chad,113,4.471,0.603,0.199,0.113
2024,Chad,119,4.384,0.592,0.242,0.111
2011,Chile,43,6.128,,,
2012,Chile,28,6.587,,,
2014,Chile,27,6.67,,,
2015,Chile,24,6.705,,,
2016,Chile,20,6.652,,,
2017,Chile,25,6.476,,,
2018,Chile,26,6.444,,,
2019,Chile,39,6.228,1.097,0.889,0.063
2020,Chile,43,6.172,1.2,0.678,0.07
2021,Chile,44,6.172,1.651,0.748,0.069
2022,Chile,35,6.334,1.645,0.511,0.076
2023,Chile,38,6.36,1.616,0.673,0.075
2024,Chile,45,6.361,1.537,0.711,0.085
2011,China,112,4.68,,,
2012,China,93,4.978,,,
2014,China,84,5.14,,,
2015,China,83,5.245,,,
2016,China,79,5.273,,,
2017,China,86,5.246,,,
2018,China,93,5.191,,,
2019,China,94,5.124,0.991,0.867,0.117
2020,China,84,5.339,1.061,0.665,0.117
2021,China,72,5.585,1.508,0.705,0.142
2022,China,64,5.818,1.51,0.468,0.145
2023,China,60,5.973,1.497,0.629,0.164
2024,China,68,5.921,1.445,0.789,0.154
2011,Colombia,41,6.202,,,
2012,Colombia,35,6.416,,,
2014,Colombia,33,6.477,,,
2015,Colombia,31,6.481,,,
2016,Colombia,36,6.357,,,
2017,Colombia,37,6.26,,,
2018,Colombia,43,6.125,,,
2019,Colombia,44,6.163,0.932,0.81,0.046
2020,Colombia,52,6.012,1.021,0.615,0.063
2021,Colombia,66,5.781,1.452,0.72,0.077
2022,Colombia,72,5.63,1.455,0.486,0.068
2023,Colombia,78,5.695,1.437,0.648,0.059
2024,Colombia,61,6.004,1.38,0.587,0.051
2011,Comoros,151,3.7,,,
2012,Comoros,149,3.851,,,
2014,Comoros,140,3.956,,,
2015,Comoros,137,3.956,,,
2018,Comoros,142,3.973,,,
2019,Comoros,134,4.289,0.416,0.437,0.1
2020,Comoros,131,4.289,0.488,0.279,0.101
2021,Comoros,116,4.609,0.899,0.424,0.125
2022,Comoros,130,3.545,0.914,0.215,0.145
2023,Comoros,132,3.566,0.896,0.37,0.16
2024,Comoros,139,3.754,0.835,0.428,0.164
2011,Congo,148,3.82,,,
2012,Congo,129,4.297,,,
2014,Congo,139,3.989,,,
2015,Congo,126,4.236,,,
2016,Congo,124,4.291,,,
2017,Congo,114,4.559,,,
2018,Congo,103,4.812,,,
2019,Congo,88,5.194,0.634,0.458,0.119
2020,Congo,83,5.342,0.518,0.307,0.124
2021,Congo,99,5.075,0.95,0.355,0.146
2022,Congo,86,5.267,0.921,0.145,0.136
2023,Congo,89,5.221,0.892,0.306,0.138
2024,Congo,100,5.03,1.023,0.336,0.126
2011,Costa Rica,12,7.251,,,
2012,Costa Rica,12,7.257,,,
2014,Costa Rica,12,7.226,,,
2015,Costa Rica,14,7.087,,,
2016,Costa Rica,12,7.079,,,
2017,Costa Rica,13,7.072,,,
2018,Costa Rica,12,7.167,,,
2019,Costa Rica,15,7.121,0.981,0.94,0.096
2020,Costa Rica,16,7.069,1.134,0.722,0.083
2021,Costa Rica,23,6.582,1.584,0.744,0.102
2022,Costa Rica,23,6.609,1.587,0.503,0.116
2023,Costa Rica,12,6.955,1.561,0.661,0.123
2024,Costa Rica,6,7.274,1.492,0.68,0.118
2011,Cote d'Ivoire,133,4.197,,,
2014,Cote d'Ivoire,151,3.655,,,
2015,Cote d'Ivoire,138,3.916,,,
2016,Cote d'Ivoire,128,4.18,,,
2017,Cote d'Ivoire,107,4.671,,,
2018,Cote d'Ivoire,99,4.944,,,
2019,Cote d'Ivoire,85,5.233,0.537,0.155,0.093
2020,Cote d'Ivoire,85,5.306,0.669,0.052,0.092
2021,Cote d'Ivoire,88,5.235,1.094,0.322,0.124
2022,Cote d'Ivoire,93,5.053,1.094,0.12,0.131
2023,Cote d'Ivoire,96,5.08,1.08,0.288,0.164
2024,Cote d'Ivoire,98,5.102,1.038,0.206,0.162
2011,Croatia,58,5.623,,,
2012,Croatia,58,5.661,,,
2014,Croatia,62,5.759,,,
2015,Croatia,74,5.488,,,
2016,Croatia,77,5.293,,,
2017,Croatia,82,5.321,,,
2018,Croatia,75,5.432,,,
2019,Croatia,79,5.505,1.109,0.901,0.012
2020,Croatia,60,5.882,1.251,0.703,0.0
2021,Croatia,47,6.125,1.705,0.709,0.0
2022,Croatia,48,6.125,1.727,0.475,0.003
2023,Croatia,63,5.942,1.71,0.637,0.043
2024,Croatia,72,5.87,1.644,0.669,0.065
2011,Cuba,69,5.418,,,
2011,Cyprus,35,6.416,,,
2012,Cyprus,34,6.466,,,
2014,Cyprus,67,5.689,,,
2015,Cyprus,69,5.546,,,
2016,Cyprus,65,5.621,,,
2017,Cyprus,61,5.762,,,
2018,Cyprus,49,6.046,,,
2019,Cyprus,45,6.159,1.213,1.026,0.051
2020,Cyprus,39,6.223,1.377,0.801,0.061
2021,Cyprus,41,6.221,1.815,0.819,0.062
2022,Cyprus,46,6.13,1.824,0.58,0.05
2023,Cyprus,50,6.068,1.794,0.744,0.049
2024,Cyprus,67,5.942,1.72,0.84,0.041
2011,Czechia,36,6.36,,,
2012,Czechia,39,6.29,,,
2014,Czechia,31,6.505,,,
2015,Czechia,27,6.596,,,
2016,Czechia,23,6.609,,,
2017,Czechia,21,6.711,,,
2018,Czechia,20,6.852,,,
2019,Czechia,19,6.911,1.212,0.895,0.05
2020,Czechia,18,6.965,1.37,0.703,0.046
2021,Czechia,18,6.92,1.815,0.715,0.048
2022,Czechia,18,6.845,1.823,0.477,0.05
2023,Czechia,18,6.822,1.783,0.638,0.068
2024,Czechia,20,6.775,1.692,0.658,0.084
2011,DR Congo,141,3.984,,,
2012,DR Congo,117,4.578,,,
2014,DR Congo,120,4.517,,,
2015,DR Congo,124,4.272,,,
2016,DR Congo,126,4.28,,,
2017,DR Congo,132,4.245,,,
2018,DR Congo,127,4.418,,,
2019,DR Congo,131,4.311,0.062,0.277,0.081
2022,DR Congo,133,3.207,0.531,0.105,0.068
2023,DR Congo,139,3.295,0.534,0.262,0.072
2024,DR Congo,141,3.469,0.544,0.278,0.061
2011,Denmark,1,7.856,,,
2012,Denmark,1,7.693,,,
2014,Denmark,3,7.527,,,
2015,Denmark,1,7.526,,,
2016,Denmark,2,7.522,,,
2017,Denmark,3,7.555,,,
2018,Denmark,2,7.6,,,
2019,Denmark,2,7.646,1.327,0.979,0.495
2020,Denmark,2,7.62,1.502,0.763,0.485
2021,Denmark,2,7.636,1.953,0.777,0.532
2022,Denmark,2,7.586,1.949,0.537,0.525
2023,Denmark,2,7.583,1.908,0.699,0.548
2024,Denmark,2,7.521,1.825,0.82,0.488
2011,Djibouti,95,4.957,,,
2012,Djibouti,114,4.69,,,
2014,Djibouti,126,4.369,,,
2011,Dominican Republic,93,5.036,,,
2012,Dominican Republic,95,4.963,,,
2014,Dominican Republic,98,4.885,,,
2015,Dominican Republic,89,5.155,,,
2016,Dominican Republic,86,5.23,,,
2017,Dominican Republic,83,5.302,,,
2018,Dominican Republic,77,5.425,,,
2019,Dominican Republic,68,5.689,0.983,0.742,0.116
2020,Dominican Republic,73,5.545,1.106,0.555,0.144
2021,Dominican Republic,69,5.737,1.538,0.577,0.179
2022,Dominican Republic,73,5.569,1.536,0.351,0.195
2023,Dominican Republic,69,5.823,1.517,0.511,0.196
2024,Dominican Republic,76,5.846,1.457,0.615,0.186
2011,Ecuador,65,5.425,,,
2012,Ecuador,49,5.865,,,
2014,Ecuador,48,5.975,,,
2015,Ecuador,51,5.976,,,
2016,Ecuador,44,6.008,,,
2017,Ecuador,48,5.973,,,
2018,Ecuador,50,6.028,,,
2019,Ecuador,58,5.925,0.853,0.839,0.087
2020,Ecuador,66,5.764,0.935,0.64,0.062
2021,Ecuador,76,5.533,1.352,0.708,0.083
2022,Ecuador,74,5.559,1.343,0.476,0.069
2023,Ecuador,74,5.725,1.315,0.64,0.078
2024,Ecuador,62,5.965,1.299,0.702,0.066
2011,Egypt,101,4.853,,,
2012,Egypt,130,4.273,,,
2014,Egypt,135,4.194,,,
2015,Egypt,119,4.362,,,
2016,Egypt,104,4.735,,,
2017,Egypt,122,4.419,,,
2018,Egypt,137,4.166,,,
2019,Egypt,138,4.151,0.875,0.597,0.095
2020,Egypt,132,4.283,0.954,0.426,0.092
2021,Egypt,129,4.288,1.388,0.548,0.254
2022,Egypt,121,4.17,1.377,0.326,0.25
2023,Egypt,127,3.977,1.37,0.488,0.259
2024,Egypt,135,3.817,1.347,0.473,0.103
2011,El Salvador,48,5.956,,,
2012,El Salvador,52,5.809,,,
2014,El Salvador,42,6.13,,,
2015,El Salvador,46,6.068,,,
2016,El Salvador,45,6.003,,,
2017,El Salvador,40,6.167,,,
2018,El Salvador,35,6.253,,,
2019,El Salvador,34,6.348,0.749,0.753,0.117
2020,El Salvador,49,6.061,0.845,0.565,0.16
2021,El Salvador,49,6.12,1.265,0.607,0.212
2022,El Salvador,50,6.122,1.278,0.383,0.222
2023,El Salvador,33,6.469,1.265,0.549,0.253
2024,El Salvador,37,6.492,1.222,0.559,0.264
2011,Estonia,72,5.33,,,
2012,Estonia,71,5.426,,,
2014,Estonia,73,5.429,,,
2015,Estonia,72,5.517,,,
2016,Estonia,66,5.611,,,
2017,Estonia,63,5.739,,,
2018,Estonia,55,5.893,,,
2019,Estonia,51,6.022,1.192,0.843,0.202
2020,Estonia,40,6.189,1.344,0.64,0.263
2021,Estonia,36,6.341,1.793,0.728,0.333
2022,Estonia,31,6.455,1.798,0.494,0.372
2023,Estonia,34,6.448,1.752,0.657,0.401
2024,Estonia,39,6.417,1.65,0.642,0.378
2012,Eswatini,100,4.867,,,
2014,Eswatini,101,4.867,,,
2018,Eswatini,135,4.212,,,
2019,Eswatini,132,4.308,0.828,0.216,0.147
2020,Eswatini,130,4.308,0.849,0.074,0.147
2021,Eswatini,125,4.396,1.274,0.197,0.154
2023,Eswatini,134,3.502,1.255,0.176,0.116
2024,Eswatini,137,3.774,1.183,0.038,0.13
2011,Ethiopia,139,4.064,,,
2012,Ethiopia,119,4.561,,,
2014,Ethiopia,122,4.512,,,
2015,Ethiopia,114,4.508,,,
2016,Ethiopia,119,4.46,,,
2017,Ethiopia,127,4.35,,,
2018,Ethiopia,134,4.286,,,
2019,Ethiopia,136,4.186,0.315,0.484,0.117
2020,Ethiopia,133,4.275,0.37,0.331,0.114
2021,Ethiopia,131,4.241,0.788,0.457,0.136
2022,Ethiopia,124,4.091,0.793,0.25,0.101
2023,Ethiopia,130,3.861,0.792,0.42,0.101
2024,Ethiopia,132,3.898,0.757,0.416,0.1
2011,Finland,2,7.579,,,
2012,Finland,7,7.389,,,
2014,Finland,6,7.406,,,
2015,Finland,5,7.413,,,
2016,Finland,5,7.469,,,
2017,Finland,1,7.632,,,
2018,Finland,1,7.769,,,
2019,Finland,1,7.809,1.285,0.961,0.478
2020,Finland,1,7.842,1.446,0.741,0.481
2021,Finland,1,7.821,1.892,0.775,0.534
2022,Finland,1,7.804,1.888,0.535,0.535
2023,Finland,1,7.741,1.844,0.695,0.546
2024,Finland,1,7.736,1.749,0.824,0.502
2011,France,23,6.746,,,
2012,France,25,6.764,,,
2014,France,29,6.575,,,
2015,France,32,6.478,,,
2016,France,31,6.442,,,
2017,France,23,6.489,,,
2018,France,24,6.592,,,
2019,France,23,6.664,1.268,1.03,0.227
2020,France,21,6.69,1.421,0.804,0.235
2021,France,20,6.687,1.863,0.808,0.266
2022,France,21,6.661,1.856,0.566,0.27
2023,France,27,6.609,1.818,0.727,0.281
2024,France,33,6.593,1.733,0.832,0.264
2012,Gabon,138,4.114,,,
2014,Gabon,143,3.896,,,
2015,Gabon,133,4.121,,,
2016,Gabon,118,4.465,,,
2017,Gabon,103,4.758,,,
2018,Gabon,104,4.799,,,
2019,Gabon,108,4.829,0.988,0.523,0.056
2020,Gabon,112,4.852,1.037,0.362,0.064
2021,Gabon,106,4.958,1.459,0.396,0.099
2022,Gabon,94,5.035,1.438,0.183,0.102
2023,Gabon,95,5.106,1.403,0.344,0.1
2024,Gabon,97,5.12,1.386,0.387,0.086
2018,Gambia,120,4.516,,,
2019,Gambia,113,4.751,0.257,0.353,0.158
2020,Gambia,98,5.051,0.367,0.21,0.123
2021,Gambia,93,5.164,0.785,0.369,0.103
2022,Gambia,119,4.279,0.761,0.174,0.033
2023,Gambia,112,4.485,0.75,0.33,0.048
2024,Gambia,117,4.423,0.778,0.348,0.045
2011,Georgia,146,3.892,,,
2012,Georgia,134,4.187,,,
2014,Georgia,130,4.297,,,
2015,Georgia,125,4.252,,,
2016,Georgia,125,4.286,,,
2017,Georgia,128,4.34,,,
2018,Georgia,119,4.519,,,
2019,Georgia,117,4.673,0.847,0.695,0.174
2020,Georgia,108,4.891,1.03,0.498,0.181
2021,Georgia,105,4.973,1.467,0.595,0.208
2022,Georgia,90,5.109,1.477,0.366,0.201
2023,Georgia,91,5.185,1.467,0.524,0.174
2024,Georgia,91,5.4,1.444,0.482,0.172
2011,Germany,30,6.572,,,
2012,Germany,26,6.672,,,
2014,Germany,26,6.75,,,
2015,Germany,16,6.994,,,
2016,Germany,16,6.951,,,
2017,Germany,15,6.965,,,
2018,Germany,17,6.985,,,
2019,Germany,17,7.076,1.314,0.972,0.309
2020,Germany,13,7.155,1.48,0.757,0.306
2021,Germany,14,7.034,1.924,0.776,0.358
2022,Germany,16,6.892,1.919,0.539,0.365
2023,Germany,24,6.719,1.871,0.702,0.368
2024,Germany,22,6.753,1.785,0.776,0.351
2011,Ghana,108,4.705,,,
2012,Ghana,86,5.091,,,
2014,Ghana,114,4.633,,,
2015,Ghana,123,4.276,,,
2016,Ghana,131,4.12,,,
2017,Ghana,108,4.657,,,
2018,Ghana,98,4.996,,,
2019,Ghana,91,5.148,0.576,0.432,0.057
2020,Ghana,95,5.088,0.68,0.287,0.058
2021,Ghana,111,4.872,1.112,0.409,0.056
2022,Ghana,107,4.605,1.101,0.197,0.035
2023,Ghana,120,4.289,1.077,0.36,0.028
2024,Ghana,125,4.34,1.053,0.438,0.025
2011,Greece,42,6.133,,,
2012,Greece,70,5.435,,,
2014,Greece,102,4.857,,,
2015,Greece,98,5.033,,,
2016,Greece,87,5.227,,,
2017,Greece,79,5.358,,,
2018,Greece,82,5.287,,,
2019,Greece,77,5.515,1.128,0.979,0.049
2020,Greece,68,5.723,1.273,0.76,0.074
2021,Greece,58,5.948,1.703,0.774,0.108
2022,Greece,58,5.931,1.708,0.535,0.097
2023,Greece,64,5.934,1.684,0.696,0.093
2024,Greece,81,5.776,1.608,0.725,0.063
2011,Guatemala,37,6.277,,,
2012,Guatemala,47,5.965,,,
2014,Guatemala,43,6.123,,,
2015,Guatemala,39,6.324,,,
2016,Guatemala,28,6.454,,,
2017,Guatemala,30,6.382,,,
2018,Guatemala,27,6.436,,,
2019,Guatemala,29,6.399,0.754,0.706,0.098
2020,Guatemala,30,6.435,0.845,0.519,0.105
2021,Guatemala,39,6.262,1.274,0.522,0.115
2022,Guatemala,43,6.15,1.287,0.31,0.066
2023,Guatemala,42,6.287,1.26,0.467,0.078
2024,Guatemala,44,6.362,1.249,0.376,0.085
2011,Guinea,136,4.171,,,
2012,Guinea,150,3.847,,,
2014,Guinea,150,3.656,,,
2015,Guinea,150,3.607,,,
2016,Guinea,149,3.507,,,
2017,Guinea,140,3.964,,,
2018,Guinea,118,4.534,,,
2019,Guinea,102,4.949,0.39,0.334,0.112
2020,Guinea,102,4.984,0.42,0.206,0.111
2021,Guinea,109,4.891,0.848,0.275,0.116
2022,Guinea,91,5.072,0.844,0.072,0.102
2023,Guinea,97,5.023,0.831,0.236,0.107
2024,Guinea,102,4.929,0.873,0.306,0.098
2011,Guyana,45,5.993,,,
2011,Haiti,150,3.789,,,
2012,Haiti,126,4.341,,,
2014,Haiti,119,4.518,,,
2015,Haiti,135,4.028,,,
2016,Haiti,145,3.603,,,
2017,Haiti,148,3.582,,,
2018,Haiti,147,3.597,,,
2019,Haiti,142,3.721,0.285,0.374,0.162
2020,Haiti,143,3.615,0.294,0.227,0.139
2011,Honduras,63,5.564,,,
2012,Honduras,84,5.142,,,
2014,Honduras,105,4.788,,,
2015,Honduras,103,4.871,,,
2016,Honduras,91,5.181,,,
2017,Honduras,72,5.504,,,
2018,Honduras,59,5.86,,,
2019,Honduras,56,5.953,0.599,0.792,0.087
2020,Honduras,59,5.919,0.703,0.593,0.083
2021,Honduras,55,6.022,1.111,0.555,0.076
2022,Honduras,53,6.023,1.115,0.341,0.062
2023,Honduras,61,5.968,1.091,0.502,0.081
2024,Honduras,63,5.964,1.036,0.436,0.079
2011,Hong Kong SAR of China,67,5.424,,,
2012,Hong Kong SAR of China,64,5.523,,,
2014,Hong Kong SAR of China,72,5.474,,,
2015,Hong Kong SAR of China,75,5.458,,,
2016,Hong Kong SAR of China,71,5.472,,,
2017,Hong Kong SAR of China,76,5.43,,,
2018,Hong Kong SAR of China,76,5.43,,,
2019,Hong Kong SAR of China,78,5.51,1.377,1.137,0.332
2020,Hong Kong SAR of China,76,5.477,1.525,0.893,0.342
2021,Hong Kong SAR of China,81,5.425,1.957,0.942,0.383
2022,Hong Kong SAR of China,82,5.308,1.951,0.702,0.39
2023,Hong Kong SAR of China,86,5.316,1.909,0.857,0.402
2024,Hong Kong SAR of China,88,5.491,1.79,0.948,0.386
2011,Hungary,96,4.943,,,
2012,Hungary,110,4.775,,,
2014,Hungary,104,4.8,,,
2015,Hungary,91,5.145,,,
2016,Hungary,75,5.324,,,
2017,Hungary,69,5.62,,,
2018,Hungary,62,5.758,,,
2019,Hungary,53,6.0,1.164,0.807,0.028
2020,Hungary,53,5.992,1.301,0.615,0.04
2021,Hungary,51,6.086,1.748,0.668,0.064
2022,Hungary,51,6.041,1.754,0.435,0.065
2023,Hungary,56,6.017,1.722,0.596,0.067
2024,Hungary,69,5.915,1.638,0.587,0.057
2011,Iceland,20,6.888,,,
2012,Iceland,9,7.355,,,
2014,Iceland,2,7.561,,,
2015,Iceland,3,7.501,,,
2016,Iceland,3,7.504,,,
2017,Iceland,4,7.495,,,
2018,Iceland,4,7.494,,,
2019,Iceland,4,7.504,1.327,1.001,0.145
2020,Iceland,4,7.554,1.482,0.772,0.17
2021,Iceland,3,7.557,1.936,0.803,0.191
2022,Iceland,3,7.53,1.926,0.559,0.187
2023,Iceland,3,7.525,1.881,0.718,0.182
2024,Iceland,3,7.515,1.799,0.873,0.173
2011,India,94,4.975,,,
2012,India,111,4.772,,,
2014,India,117,4.565,,,
2015,India,117,4.404,,,
2016,India,122,4.315,,,
2017,India,133,4.19,,,
2018,India,140,4.015,,,
2019,India,144,3.573,0.731,0.541,0.106
2020,India,139,3.819,0.741,0.383,0.106
2021,India,136,3.777,1.167,0.471,0.123
2022,India,126,4.036,1.159,0.252,0.111
2023,India,126,4.054,1.166,0.417,0.122
2024,India,118,4.389,1.149,0.316,0.12
2011,Indonesia,83,5.159,,,
2012,Indonesia,76,5.348,,,
2014,Indonesia,74,5.399,,,
2015,Indonesia,78,5.314,,,
2016,Indonesia,81,5.262,,,
2017,Indonesia,96,5.093,,,
2018,Indonesia,92,5.192,,,
2019,Indonesia,84,5.286,0.892,0.61,0.038
2020,Indonesia,82,5.345,0.954,0.433,0.046
2021,Indonesia,87,5.24,1.382,0.539,0.047
2022,Indonesia,83,5.277,1.384,0.314,0.038
2023,Indonesia,80,5.568,1.361,0.472,0.055
2024,Indonesia,83,5.617,1.288,0.454,0.044
2011,Iran,84,5.149,,,
2012,Iran,115,4.643,,,
2014,Iran,110,4.686,,,
2015,Iran,104,4.813,,,
2016,Iran,108,4.692,,,
2017,Iran,106,4.707,,,
2018,Iran,117,4.548,,,
2019,Iran,118,4.672,1.029,0.749,0.143
2020,Iran,118,4.721,1.03,0.561,0.144
2021,Iran,110,4.888,1.41,0.642,0.146
2022,Iran,101,4.876,1.465,0.411,0.13
2023,Iran,100,4.923,1.435,0.571,0.123
2024,Iran,99,5.093,1.33,0.609,0.122
2011,Iraq,98,4.882,,,
2012,Iraq,105,4.817,,,
2014,Iraq,112,4.677,,,
2015,Iraq,111,4.575,,,
2016,Iraq,117,4.497,,,
2017,Iraq,117,4.456,,,
2018,Iraq,126,4.437,,,
2019,Iraq,110,4.785,0.982,0.529,0.073
2020,Iraq,111,4.854,0.91,0.381,0.041
2021,Iraq,107,4.941,1.289,0.554,0.046
2022,Iraq,98,4.941,1.281,0.324,0.038
2023,Iraq,92,5.166,1.249,0.498,0.048
2024,Iraq,101,4.976,1.261,0.589,0.069
2011,Ireland,10,7.284,,,
2012,Ireland,18,7.076,,,
2014,Ireland,18,6.94,,,
2015,Ireland,19,6.907,,,
2016,Ireland,15,6.977,,,
2017,Ireland,14,6.977,,,
2018,Ireland,16,7.021,,,
2019,Ireland,16,7.094,1.447,0.976,0.373
2020,Ireland,15,7.085,1.644,0.753,0.367
2021,Ireland,13,7.041,2.129,0.779,0.408
2022,Ireland,14,6.911,2.152,0.539,0.409
2023,Ireland,17,6.838,2.129,0.7,0.418
2024,Ireland,15,6.889,1.988,0.823,0.382
2011,Israel,14,7.199,,,
2012,Israel,11,7.301,,,
2014,Israel,11,7.278,,,
2015,Israel,11,7.267,,,
2016,Israel,11,7.213,,,
2017,Israel,11,7.19,,,
2018,Israel,13,7.139,,,
2019,Israel,14,7.129,1.216,1.008,0.1
2020,Israel,12,7.157,1.376,0.788,0.119
2021,Israel,9,7.364,1.826,0.818,0.143
2022,Israel,4,7.473,1.833,0.577,0.158
2023,Israel,5,7.341,1.803,0.74,0.193
2024,Israel,8,7.234,1.695,0.824,0.193
2011,Italy,28,6.578,,,
2012,Italy,45,6.021,,,
2014,Italy,50,5.948,,,
2015,Italy,50,5.977,,,
2016,Italy,48,5.964,,,
2017,Italy,47,6.0,,,
2018,Italy,36,6.223,,,
2019,Italy,30,6.387,1.236,1.023,0.04
2020,Italy,28,6.483,1.393,0.798,0.047
2021,Italy,31,6.467,1.834,0.801,0.059
2022,Italy,33,6.405,1.832,0.559,0.063
2023,Italy,41,6.324,1.8,0.72,0.074
2024,Italy,40,6.415,1.724,0.852,0.071
2011,Jamaica,40,6.208,,,
2012,Jamaica,75,5.374,,,
2014,Jamaica,65,5.709,,,
2015,Jamaica,73,5.51,,,
2016,Jamaica,76,5.311,,,
2017,Jamaica,56,5.89,,,
2018,Jamaica,56,5.89,,,
2019,Jamaica,60,5.89,0.779,0.788,0.03
2020,Jamaica,37,6.309,0.891,0.599,0.035
2021,Jamaica,63,5.85,1.296,0.646,0.053
2022,Jamaica,68,5.703,1.305,0.411,0.039
2023,Jamaica,67,5.842,1.28,0.567,0.028
2024,Jamaica,72,5.87,1.182,0.504,0.019
2011,Japan,44,6.059,,,
2012,Japan,43,6.064,,,
2014,Japan,46,5.987,,,
2015,Japan,53,5.921,,,
2016,Japan,51,5.92,,,
2017,Japan,54,5.915,,,
2018,Japan,58,5.886,,,
2019,Japan,62,5.871,1.267,1.073,0.181
2020,Japan,56,5.94,1.389,0.838,0.192
2021,Japan,54,6.039,1.835,0.866,0.218
2022,Japan,47,6.129,1.825,0.622,0.207
2023,Japan,51,6.06,1.786,0.785,0.219
2024,Japan,55,6.147,1.678,0.921,0.2
2011,Jordan,54,5.706,,,
2012,Jordan,74,5.414,,,
2014,Jordan,82,5.192,,,
2015,Jordan,79,5.303,,,
2016,Jordan,74,5.336,,,
2017,Jordan,90,5.161,,,
2018,Jordan,101,4.906,,,
2019,Jordan,119,4.633,0.785,0.778,0.152
2020,Jordan,127,4.395,0.89,0.583,0.15
2021,Jordan,134,4.152,1.324,0.675,0.2
2022,Jordan,123,4.12,1.292,0.438,0.173
2023,Jordan,125,4.186,1.262,0.594,0.189
2024,Jordan,128,4.31,1.158,0.573,0.164
2011,Kazakhstan,59,5.594,,,
2012,Kazakhstan,57,5.671,,,
2014,Kazakhstan,54,5.855,,,
2015,Kazakhstan,54,5.919,,,
2016,Kazakhstan,60,5.819,,,
2017,Kazakhstan,60,5.79,,,
2018,Kazakhstan,60,5.809,,,
2019,Kazakhstan,50,6.058,1.123,0.699,0.11
2020,Kazakhstan,45,6.152,1.23,0.527,0.132
2021,Kazakhstan,40,6.234,1.668,0.611,0.157
2022,Kazakhstan,44,6.144,1.664,0.389,0.149
2023,Kazakhstan,48,6.188,1.622,0.556,0.12
2024,Kazakhstan,43,6.378,1.586,0.504,0.118
2011,Kenya,134,4.18,,,
2012,Kenya,123,4.403,,,
2014,Kenya,125,4.419,,,
2015,Kenya,121,4.356,,,
2016,Kenya,112,4.553,,,
2017,Kenya,124,4.41,,,
2018,Kenya,121,4.509,,,
2019,Kenya,121,4.583,0.476,0.536,0.067
2020,Kenya,121,4.607,0.603,0.385,0.073
2021,Kenya,119,4.543,1.032,0.401,0.082
2022,Kenya,111,4.487,1.051,0.19,0.055
2023,Kenya,114,4.47,1.037,0.353,0.069
2024,Kenya,115,4.51,0.994,0.448,0.073
2011,Kosovo,68,5.42,,,
2012,Kosovo,83,5.222,,,
2014,Kosovo,69,5.589,,,
2015,Kosovo,76,5.401,,,
2016,Kosovo,78,5.279,,,
2017,Kosovo,66,5.662,,,
2018,Kosovo,46,6.1,,,
2019,Kosovo,35,6.325,0.84,0.673,0.009
2020,Kosovo,33,6.372,0.937,0.483,0.014
2021,Kosovo,32,6.455,1.362,0.569,0.035
2022,Kosovo,34,6.368,1.374,0.372,0.045
2023,Kosovo,29,6.561,1.364,0.599,0.073
2024,Kosovo,29,6.659,1.281,0.896,0.087
2011,Kuwait,29,6.574,,,
2012,Kuwait,32,6.515,,,
2014,Kuwait,39,6.295,,,
2015,Kuwait,41,6.239,,,
2016,Kuwait,39,6.105,,,
2017,Kuwait,45,6.083,,,
2018,Kuwait,51,6.021,,,
2019,Kuwait,48,6.102,1.425,0.776,0.113
2020,Kuwait,47,6.106,1.461,0.58,0.13
2021,Kuwait,50,6.106,1.904,0.747,0.147
2023,Kuwait,13,6.951,1.845,0.661,0.172
2024,Kuwait,30,6.629,1.691,0.766,0.167
2011,Kyrgyzstan,102,4.828,,,
2012,Kyrgyzstan,89,5.042,,,
2014,Kyrgyzstan,77,5.286,,,
2015,Kyrgyzstan,85,5.185,,,
2016,Kyrgyzstan,98,5.004,,,
2017,Kyrgyzstan,92,5.131,,,
2018,Kyrgyzstan,86,5.261,,,
2019,Kyrgyzstan,74,5.542,0.513,0.681,0.03
2020,Kyrgyzstan,67,5.744,0.665,0.501,0.02
2021,Kyrgyzstan,64,5.828,1.069,0.638,0.025
2022,Kyrgyzstan,62,5.825,1.061,0.417,0.018
2023,Kyrgyzstan,75,5.714,1.054,0.588,0.03
2024,Kyrgyzstan,75,5.858,1.032,0.647,0.053
2011,Lao PDR,82,5.161,,,
2012,Lao PDR,109,4.787,,,
2014,Lao PDR,99,4.876,,,
2015,Lao PDR,101,4.876,,,
2017,Lao PDR,110,4.623,,,
2018,Lao PDR,105,4.796,,,
2019,Lao PDR,104,4.889,0.715,0.486,0.194
2020,Lao PDR,100,5.03,0.808,0.33,0.179
2021,Lao PDR,95,5.14,1.239,0.479,0.184
2022,Lao PDR,89,5.111,1.232,0.257,0.162
2023,Lao PDR,94,5.139,1.208,0.423,0.167
2024,Lao PDR,93,5.301,1.122,0.493,0.164
2011,Latvia,106,4.762,,,
2012,Latvia,88,5.046,,,
2014,Latvia,89,5.098,,,
2015,Latvia,68,5.56,,,
2016,Latvia,54,5.85,,,
2017,Latvia,53,5.933,,,
2018,Latvia,53,5.94,,,
2019,Latvia,57,5.95,1.141,0.778,0.09
2020,Latvia,51,6.032,1.285,0.587,0.089
2021,Latvia,42,6.18,1.732,0.637,0.09
2022,Latvia,41,6.213,1.737,0.405,0.071
2023,Latvia,46,6.234,1.7,0.564,0.078
2024,Latvia,51,6.207,1.619,0.503,0.082
2011,Lebanon,92,5.049,,,
2012,Lebanon,97,4.931,,,
2014,Lebanon,103,4.839,,,
2015,Lebanon,93,5.129,,,
2016,Lebanon,88,5.225,,,
2017,Lebanon,88,5.199,,,
2018,Lebanon,91,5.197,,,
2019,Lebanon,111,4.772,0.889,0.789,0.022
2020,Lebanon,123,4.584,1.045,0.595,0.026
2021,Lebanon,145,2.955,1.392,0.631,0.034
2022,Lebanon,136,2.392,1.417,0.398,0.027
2023,Lebanon,142,2.707,1.377,0.556,0.029
2024,Lebanon,145,3.188,1.223,0.44,0.041
2012,Lesotho,98,4.898,,,
2014,Lesotho,97,4.898,,,
2016,Lesotho,139,3.808,,,
2017,Lesotho,141,3.808,,,
2018,Lesotho,144,3.802,,,
2019,Lesotho,143,3.653,0.455,0.101,0.05
2020,Lesotho,145,3.512,0.451,0.007,0.015
2021,Lesotho,141,3.512,0.839,0.0,0.018
2023,Lesotho,141,3.186,0.771,0.0,0.085
2024,Lesotho,138,3.757,0.737,0.0,0.072
2011,Liberia,140,4.04,,,
2012,Liberia,133,4.196,,,
2014,Liberia,116,4.571,,,
2015,Liberia,149,3.622,,,
2016,Liberia,148,3.533,,,
2017,Liberia,149,3.495,,,
2018,Liberia,141,3.975,,,
2019,Liberia,124,4.558,0.174,0.392,0.051
2020,Liberia,120,4.625,0.228,0.253,0.057
2021,Liberia,96,5.122,0.636,0.309,0.08
2022,Liberia,125,4.042,0.628,0.141,0.071
2023,Liberia,121,4.269,0.619,0.301,0.075
2024,Liberia,129,4.277,0.582,0.324,0.068
2011,Libya,80,5.178,,,
2012,Libya,78,5.34,,,
2014,Libya,63,5.754,,,
2015,Libya,67,5.615,,,
2016,Libya,68,5.525,,,
2017,Libya,70,5.566,,,
2018,Libya,72,5.525,,,
2019,Libya,80,5.489,1.022,0.616,0.172
2020,Libya,80,5.41,1.044,0.435,0.174
2021,Libya,86,5.33,1.476,0.606,0.179
2023,Libya,66,5.866,1.526,0.55,0.204
2024,Libya,79,5.82,1.247,0.549,0.214
2011,Lithuania,60,5.588,,,
2012,Lithuania,71,5.426,,,
2014,Lithuania,56,5.833,,,
2015,Lithuania,60,5.813,,,
2016,Lithuania,52,5.902,,,
2017,Lithuania,50,5.952,,,
2018,Lithuania,42,6.149,,,
2019,Lithuania,41,6.215,1.194,0.795,0.081
2020,Lithuania,38,6.255,1.35,0.612,0.073
2021,Lithuania,34,6.446,1.804,0.659,0.077
2022,Lithuania,20,6.763,1.808,0.432,0.089
2023,Lithuania,19,6.818,1.766,0.598,0.116
2024,Lithuania,16,6.829,1.684,0.592,0.123
2011,Luxembourg,16,7.051,,,
2012,Luxembourg,19,7.054,,,
2014,Luxembourg,17,6.946,,,
2015,Luxembourg,20,6.871,,,
2016,Luxembourg,18,6.863,,,
2017,Luxembourg,17,6.91,,,
2018,Luxembourg,14,7.09,,,
2019,Luxembourg,10,7.238,1.537,0.986,0.367
2020,Luxembourg,8,7.324,1.751,0.76,0.353
2021,Luxembourg,6,7.404,2.209,0.79,0.388
2022,Luxembourg,9,7.228,2.2,0.549,0.418
2023,Luxembourg,8,7.122,2.141,0.708,0.432
2024,Luxembourg,9,7.122,2.028,0.864,0.397
2011,Madagascar,129,4.309,,,
2012,Madagascar,146,3.966,,,
2014,Madagascar,147,3.681,,,
2015,Madagascar,147,3.695,,,
2016,Madagascar,144,3.644,,,
2017,Madagascar,143,3.774,,,
2018,Madagascar,143,3.933,,,
2019,Madagascar,137,4.166,0.245,0.501,0.076
2020,Madagascar,135,4.208,0.266,0.341,0.087
2021,Madagascar,128,4.339,0.67,0.378,0.154
2022,Madagascar,127,4.019,0.632,0.178,0.134
2023,Madagascar,123,4.228,0.628,0.333,0.123
2024,Madagascar,130,4.157,0.588,0.341,0.118
2011,Malawi,114,4.624,,,
2012,Malawi,139,4.113,,,
2014,Malawi,131,4.292,,,
2015,Malawi,131,4.156,,,
2016,Malawi,136,3.97,,,
2017,Malawi,147,3.587,,,
2018,Malawi,150,3.41,,,
2019,Malawi,145,3.538,0.177,0.446,0.132
2020,Malawi,144,3.6,0.113,0.298,0.134
2021,Malawi,138,3.75,0.648,0.388,0.157
2022,Malawi,131,3.495,0.637,0.189,0.129
2023,Malawi,136,3.421,0.617,0.349,0.136
2024,Malawi,144,3.26,0.588,0.28,0.136
2011,Malaysia,51,5.823,,,
2012,Malaysia,56,5.76,,,
2014,Malaysia,61,5.77,,,
2015,Malaysia,47,6.005,,,
2016,Malaysia,42,6.084,,,
2017,Malaysia,35,6.322,,,
2018,Malaysia,80,5.339,,,
2019,Malaysia,82,5.384,1.168,0.789,0.062
2020,Malaysia,81,5.384,1.259,0.587,0.064
2021,Malaysia,70,5.711,1.689,0.62,0.126
2022,Malaysia,55,6.012,1.665,0.385,0.122
2023,Malaysia,59,5.975,1.646,0.54,0.119
2024,Malaysia,64,5.955,1.571,0.446,0.11
2019,Maldives,87,5.198,0.938,0.914,0.072
2020,Maldives,89,5.198,1.115,0.697,0.073
2011,Mali,143,3.967,,,
2012,Mali,132,4.247,,,
2014,Mali,138,3.995,,,
2015,Mali,134,4.073,,,
2016,Mali,127,4.19,,,
2017,Mali,118,4.447,,,
2018,Mali,128,4.39,,,
2019,Mali,114,4.729,0.352,0.235,0.062
2020,Mali,117,4.723,0.387,0.11,0.072
2021,Mali,123,4.479,0.792,0.311,0.042
2022,Mali,120,4.198,0.763,0.106,0.059
2023,Mali,122,4.232,0.747,0.267,0.09
2024,Mali,123,4.345,0.709,0.318,0.114
2011,Malta,47,5.96,,,
2012,Malta,48,5.964,,,
2014,Malta,37,6.302,,,
2015,Malta,30,6.488,,,
2016,Malta,27,6.527,,,
2017,Malta,22,6.627,,,
2018,Malta,22,6.726,,,
2019,Malta,22,6.773,1.253,0.972,0.179
2020,Malta,23,6.602,1.411,0.747,0.183
2021,Malta,33,6.447,1.838,0.789,0.166
2022,Malta,37,6.3,1.841,0.547,0.143
2023,Malta,40,6.346,1.827,0.707,0.125
2024,Malta,48,6.316,1.76,0.837,0.115
2011,Mauritania,113,4.643,,,
2012,Mauritania,112,4.758,,,
2014,Mauritania,124,4.436,,,
2015,Mauritania,129,4.201,,,
2016,Mauritania,123,4.292,,,
2017,Mauritania,126,4.356,,,
2018,Mauritania,122,4.49,,,
2019,Mauritania,129,4.375,0.54,0.425,0.122
2020,Mauritania,134,4.227,0.666,0.273,0.133
2021,Mauritania,133,4.153,1.1,0.45,0.138
2022,Mauritania,103,4.724,1.099,0.244,0.195
2023,Mauritania,111,4.505,1.078,0.4,0.198
2024,Mauritania,114,4.542,1.023,0.516,0.195
2011,Mauritius,64,5.477,,,
2012,Mauritius,67,5.477,,,
2014,Mauritius,71,5.477,,,
2015,Mauritius,66,5.648,,,
2016,Mauritius,64,5.629,,,
2017,Mauritius,55,5.891,,,
2018,Mauritius,57,5.888,,,
2019,Mauritius,49,6.101,1.074,0.763,0.084
2020,Mauritius,50,6.049,1.178,0.574,0.096
2021,Mauritius,52,6.071,1.591,0.568,0.107
2022,Mauritius,59,5.902,1.589,0.336,0.11
2023,Mauritius,70,5.816,1.57,0.49,0.118
2024,Mauritius,78,5.832,1.499,0.617,0.13
2011,Mexico,24,6.74,,,
2012,Mexico,16,7.088,,,
2014,Mexico,14,7.187,,,
2015,Mexico,21,6.778,,,
2016,Mexico,25,6.578,,,
2017,Mexico,24,6.488,,,
2018,Mexico,23,6.595,,,
2019,Mexico,24,6.465,1.024,0.832,0.083
2020,Mexico,36,6.317,1.126,0.634,0.089
2021,Mexico,46,6.128,1.552,0.623,0.115
2022,Mexico,36,6.33,1.55,0.389,0.115
2023,Mexico,25,6.678,1.521,0.544,0.127
2024,Mexico,10,6.979,1.435,0.55,0.118
2011,Moldova,75,5.305,,,
2012,Moldova,53,5.791,,,
2014,Moldova,52,5.889,,,
2015,Moldova,55,5.897,,,
2016,Moldova,55,5.838,,,
2017,Moldova,67,5.64,,,
2018,Moldova,71,5.529,,,
2019,Moldova,70,5.608,0.708,0.713,0.014
2020,Moldova,65,5.766,0.985,0.542,0.013
2021,Moldova,62,5.857,1.417,0.597,0.028
2022,Moldova,63,5.819,1.425,0.375,0.02
2023,Moldova,70,5.816,1.385,0.542,0.044
2024,Moldova,80,5.819,1.332,0.414,0.037
2011,Mongolia,119,4.562,,,
2012,Mongolia,102,4.834,,,
2014,Mongolia,100,4.874,,,
2015,Mongolia,100,4.907,,,
2016,Mongolia,100,4.955,,,
2017,Mongolia,94,5.125,,,
2018,Mongolia,83,5.285,,,
2019,Mongolia,81,5.456,0.905,0.616,0.047
2020,Mongolia,70,5.677,0.966,0.442,0.053
2021,Mongolia,68,5.761,1.393,0.467,0.059
2022,Mongolia,61,5.84,1.379,0.244,0.058
2023,Mongolia,77,5.696,1.353,0.4,0.055
2024,Mongolia,77,5.833,1.336,0.423,0.053
2011,Montenegro,86,5.147,,,
2012,Montenegro,80,5.299,,,
2014,Montenegro,82,5.192,,,
2015,Montenegro,88,5.161,,,
2016,Montenegro,83,5.237,,,
2017,Montenegro,81,5.347,,,
2018,Montenegro,73,5.523,,,
2019,Montenegro,72,5.546,1.01,0.839,0.098
2020,Montenegro,72,5.581,1.155,0.637,0.081
2021,Montenegro,75,5.547,1.573,0.659,0.077
2022,Montenegro,67,5.722,1.537,0.424,0.061
2023,Montenegro,76,5.707,1.571,0.587,0.132
2024,Montenegro,71,5.877,1.507,0.618,0.138
2011,Morocco,105,4.793,,,
2012,Morocco,99,4.885,,,
2014,Morocco,92,5.013,,,
2015,Morocco,90,5.151,,,
2016,Morocco,84,5.235,,,
2017,Morocco,85,5.254,,,
2018,Morocco,89,5.208,,,
2019,Morocco,97,5.095,0.759,0.745,0.077
2020,Morocco,106,4.918,0.792,0.558,0.088
2021,Morocco,100,5.06,1.208,0.565,0.102
2022,Morocco,100,4.903,1.236,0.337,0.085
2023,Morocco,107,4.795,1.213,0.495,0.082
2024,Morocco,112,4.622,1.139,0.585,0.095
2011,Mozambique,110,4.693,,,
2012,Mozambique,94,4.971,,,
2014,Mozambique,94,4.971,,,
2016,Mozambique,113,4.55,,,
2017,Mozambique,123,4.417,,,
2018,Mozambique,123,4.466,,,
2019,Mozambique,120,4.624,0.179,0.324,0.163
2020,Mozambique,115,4.794,0.183,0.196,0.163
2021,Mozambique,101,5.048,0.578,0.191,0.2
2022,Mozambique,97,4.954,0.57,0.0,0.192
2023,Mozambique,90,5.216,0.56,0.156,0.196
2024,Mozambique,96,5.19,0.559,0.124,0.173
2011,Myanmar,74,5.322,,,
2012,Myanmar,121,4.439,,,
2014,Myanmar,129,4.307,,,
2015,Myanmar,118,4.395,,,
2016,Myanmar,114,4.545,,,
2017,Myanmar,130,4.308,,,
2018,Myanmar,131,4.36,,,
2019,Myanmar,133,4.308,0.678,0.495,0.188
2020,Myanmar,126,4.426,0.666,0.341,0.178
2021,Myanmar,126,4.394,1.038,0.491,0.194
2022,Myanmar,117,4.372,1.032,0.269,0.194
2023,Myanmar,118,4.354,0.978,0.436,0.174
2024,Myanmar,126,4.321,0.975,0.446,0.163
2011,Namibia,97,4.886,,,
2015,Namibia,112,4.574,,,
2016,Namibia,111,4.574,,,
2017,Namibia,119,4.441,,,
2018,Namibia,113,4.639,,,
2019,Namibia,122,4.571,0.84,0.407,0.054
2020,Namibia,124,4.574,0.882,0.262,0.059
2021,Namibia,124,4.459,1.292,0.354,0.071
2022,Namibia,105,4.631,1.289,0.145,0.071
2023,Namibia,106,4.832,1.266,0.307,0.061
2024,Namibia,103,4.911,1.182,0.104,0.056
2011,Nepal,121,4.474,,,
2012,Nepal,135,4.156,,,
2014,Nepal,121,4.514,,,
2015,Nepal,106,4.793,,,
2016,Nepal,99,4.962,,,
2017,Nepal,101,4.88,,,
2018,Nepal,100,4.913,,,
2019,Nepal,92,5.137,0.444,0.669,0.128
2020,Nepal,87,5.269,0.519,0.496,0.135
2021,Nepal,83,5.377,0.984,0.499,0.13
2022,Nepal,78,5.36,0.979,0.281,0.104
2023,Nepal,93,5.158,0.965,0.443,0.115
2024,Nepal,92,5.311,0.944,0.463,0.099
2011,Netherlands,4,7.512,,,
2012,Netherlands,4,7.512,,,
2014,Netherlands,7,7.378,,,
2015,Netherlands,7,7.339,,,
2016,Netherlands,6,7.377,,,
2017,Netherlands,6,7.441,,,
2018,Netherlands,5,7.488,,,
2019,Netherlands,6,7.449,1.339,0.976,0.369
2020,Netherlands,5,7.464,1.501,0.753,0.384
2021,Netherlands,5,7.415,1.945,0.787,0.419
2022,Netherlands,5,7.403,1.942,0.545,0.394
2023,Netherlands,6,7.319,1.901,0.706,0.372
2024,Netherlands,5,7.306,1.822,0.844,0.344
2011,New Zealand,8,7.372,,,
2012,New Zealand,13,7.221,,,
2014,New Zealand,9,7.286,,,
2015,New Zealand,8,7.334,,,
2016,New Zealand,8,7.314,,,
2017,New Zealand,8,7.324,,,
2018,New Zealand,8,7.307,,,
2019,New Zealand,8,7.3,1.242,1.008,0.461
2020,New Zealand,9,7.277,1.4,0.785,0.445
2021,New Zealand,10,7.2,1.852,0.752,0.483
2022,New Zealand,10,7.123,1.842,0.513,0.471
2023,New Zealand,11,7.029,1.81,0.673,0.48
2024,New Zealand,12,6.952,1.698,0.815,0.429
2011,Nicaragua,89,5.115,,,
2012,Nicaragua,65,5.507,,,
2014,Nicaragua,57,5.828,,,
2015,Nicaragua,48,5.992,,,
2016,Nicaragua,43,6.071,,,
2017,Nicaragua,41,6.141,,,
2018,Nicaragua,45,6.105,,,
2019,Nicaragua,46,6.137,0.62,0.803,0.174
2020,Nicaragua,55,5.972,0.693,0.604,0.176
2021,Nicaragua,45,6.165,1.105,0.617,0.212
2022,Nicaragua,40,6.259,1.109,0.385,0.218
2023,Nicaragua,43,6.284,1.097,0.542,0.251
2024,Nicaragua,47,6.33,1.084,0.646,0.271
2011,Niger,137,4.122,,,
2012,Niger,136,4.152,,,
2014,Niger,144,3.845,,,
2015,Niger,141,3.856,,,
2016,Niger,135,4.028,,,
2017,Niger,134,4.166,,,
2018,Niger,114,4.628,,,
2019,Niger,103,4.91,0.108,0.299,0.138
2020,Niger,96,5.074,0.162,0.167,0.157
2021,Niger,104,5.003,0.57,0.326,0.145
2022,Niger,109,4.501,0.561,0.137,0.14
2023,Niger,109,4.556,0.573,0.293,0.147
2024,Niger,110,4.725,0.606,0.258,0.137
2011,Nigeria,100,4.856,,,
2012,Nigeria,82,5.248,,,
2014,Nigeria,78,5.268,,,
2015,Nigeria,102,4.875,,,
2016,Nigeria,94,5.074,,,
2017,Nigeria,91,5.155,,,
2018,Nigeria,85,5.265,,,
2019,Nigeria,115,4.724,0.646,0.168,0.048
2020,Nigeria,116,4.759,0.663,0.051,0.039
2021,Nigeria,118,4.552,1.079,0.3,0.038
2022,Nigeria,95,4.981,1.065,0.092,0.013
2023,Nigeria,102,4.881,1.042,0.256,0.019
2024,Nigeria,105,4.885,0.989,0.38,0.028
2012,North Cyprus,69,5.463,,,
2014,North Cyprus,66,5.695,,,
2015,North Cyprus,62,5.771,,,
2016,North Cyprus,61,5.81,,,
2017,North Cyprus,58,5.835,,,
2018,North Cyprus,64,5.718,,,
2019,North Cyprus,76,5.536,1.213,1.026,0.2
2020,North Cyprus,74,5.536,1.377,0.801,0.2
2021,North Cyprus,79,5.467,1.815,0.819,0.213
2011,North Macedonia,127,4.369,,,
2012,North Macedonia,118,4.574,,,
2014,North Macedonia,93,5.007,,,
2015,North Macedonia,95,5.121,,,
2016,North Macedonia,92,5.175,,,
2017,North Macedonia,89,5.185,,,
2018,North Macedonia,84,5.274,,,
2019,North Macedonia,90,5.16,0.935,0.803,0.025
2020,North Macedonia,94,5.101,1.068,0.535,0.022
2021,North Macedonia,89,5.199,1.505,0.637,0.031
2022,North Macedonia,87,5.254,1.498,0.408,0.02
2023,North Macedonia,84,5.369,1.475,0.569,0.015
2024,North Macedonia,86,5.503,1.458,0.544,0.007
2011,Norway,3,7.524,,,
2012,Norway,2,7.655,,,
2014,Norway,4,7.522,,,
2015,Norway,4,7.498,,,
2016,Norway,1,7.537,,,
2017,Norway,2,7.594,,,
2018,Norway,3,7.554,,,
2019,Norway,5,7.488,1.424,1.008,0.434
2020,Norway,6,7.392,1.543,0.782,0.427
2021,Norway,8,7.365,1.997,0.786,0.474
2022,Norway,7,7.315,1.994,0.544,0.463
2023,Norway,7,7.302,1.952,0.704,0.484
2024,Norway,7,7.262,1.902,0.863,0.425
2012,Oman,23,6.853,,,
2014,Oman,22,6.853,,,
2024,Oman,52,6.197,1.603,0.5,
2011,Pakistan,84,5.149,,,
2012,Pakistan,81,5.292,,,
2014,Pakistan,81,5.194,,,
2015,Pakistan,92,5.132,,,
2016,Pakistan,80,5.269,,,
2017,Pakistan,75,5.472,,,
2018,Pakistan,67,5.653,,,
2019,Pakistan,66,5.693,0.617,0.47,0.123
2020,Pakistan,105,4.934,0.637,0.322,0.097
2021,Pakistan,120,4.516,1.049,0.374,0.112
2022,Pakistan,108,4.555,1.081,0.158,0.102
2023,Pakistan,108,4.657,1.069,0.321,0.074
2024,Pakistan,109,4.768,0.982,0.417,0.046
2011,Panama,21,6.863,,,
2012,Panama,15,7.143,,,
2014,Panama,25,6.786,,,
2015,Panama,25,6.701,,,
2016,Panama,30,6.452,,,
2017,Panama,27,6.43,,,
2018,Panama,31,6.321,,,
2019,Panama,36,6.305,1.098,0.879,0.054
2020,Panama,41,6.18,1.298,0.667,0.053
2021,Panama,37,6.309,1.715,0.709,0.051
2022,Panama,38,6.265,1.714,0.475,0.036
2023,Panama,39,6.358,1.702,0.633,0.043
2024,Panama,41,6.407,1.594,0.717,0.042
2011,Paraguay,70,5.398,,,
2012,Paraguay,54,5.779,,,
2014,Paraguay,53,5.878,,,
2015,Paraguay,70,5.538,,,
2016,Paraguay,70,5.493,,,
2017,Paraguay,64,5.681,,,
2018,Paraguay,63,5.743,,,
2019,Paraguay,67,5.692,0.898,0.736,0.065
2020,Paraguay,71,5.653,0.983,0.549,0.037
2021,Paraguay,73,5.578,1.409,0.624,0.059
2022,Paraguay,66,5.738,1.428,0.392,0.062
2023,Paraguay,57,5.977,1.398,0.549,0.065
2024,Paraguay,54,6.172,1.329,0.291,0.063
2011,Peru,77,5.258,,,
2012,Peru,55,5.776,,,
2014,Peru,58,5.824,,,
2015,Peru,64,5.743,,,
2016,Peru,63,5.715,,,
2017,Peru,65,5.663,,,
2018,Peru,65,5.697,,,
2019,Peru,63,5.797,0.919,0.824,0.027
2020,Peru,63,5.84,0.986,0.623,0.031
2021,Peru,74,5.559,1.397,0.735,0.037
2022,Peru,75,5.526,1.39,0.499,0.027
2023,Peru,68,5.841,1.371,0.662,0.029
2024,Peru,65,5.947,1.323,0.551,0.021
2011,Philippines,103,4.825,,,
2012,Philippines,92,4.985,,,
2014,Philippines,90,5.073,,,
2015,Philippines,81,5.279,,,
2016,Philippines,72,5.43,,,
2017,Philippines,71,5.524,,,
2018,Philippines,69,5.631,,,
2019,Philippines,52,6.006,0.775,0.602,0.13
2020,Philippines,61,5.88,0.853,0.426,0.126
2021,Philippines,60,5.904,1.268,0.514,0.142
2022,Philippines,76,5.523,1.238,0.286,0.141
2023,Philippines,53,6.048,1.232,0.441,0.136
2024,Philippines,57,6.107,1.177,0.315,0.11
2011,Poland,53,5.803,,,
2012,Poland,51,5.822,,,
2014,Poland,60,5.791,,,
2015,Poland,57,5.835,,,
2016,Poland,46,5.973,,,
2017,Poland,42,6.123,,,
2018,Poland,40,6.182,,,
2019,Poland,43,6.186,1.169,0.868,0.161
2020,Poland,44,6.166,1.309,0.668,0.13
2021,Poland,48,6.123,1.758,0.712,0.14
2022,Poland,39,6.26,1.767,0.477,0.139
2023,Poland,35,6.442,1.738,0.639,0.175
2024,Poland,26,6.673,1.666,0.63,0.169
2011,Portugal,73,5.327,,,
2012,Portugal,85,5.101,,,
2014,Portugal,88,5.102,,,
2015,Portugal,94,5.123,,,
2016,Portugal,89,5.195,,,
2017,Portugal,77,5.41,,,
2018,Portugal,66,5.693,,,
2019,Portugal,59,5.911,1.169,0.979,0.028
2020,Portugal,57,5.929,1.323,0.76,0.033
2021,Portugal,56,6.016,1.76,0.777,0.039
2022,Portugal,56,5.968,1.758,0.537,0.037
2023,Portugal,55,6.03,1.728,0.699,0.035
2024,Portugal,60,6.013,1.646,0.822,0.034
2011,Puerto Rico,27,6.593,,,
2015,Puerto Rico,15,7.039,,,
2011,Qatar,31,6.569,,,
2012,Qatar,27,6.666,,,
2014,Qatar,28,6.611,,,
2015,Qatar,36,6.375,,,
2016,Qatar,35,6.375,,,
2017,Qatar,32,6.374,,,
2018,Qatar,29,6.374,,,
2011,Republic of Korea,56,5.643,,,
2012,Republic of Korea,41,6.267,,,
2014,Republic of Korea,47,5.984,,,
2015,Republic of Korea,57,5.835,,,
2016,Republic of Korea,55,5.838,,,
2017,Republic of Korea,57,5.875,,,
2018,Republic of Korea,54,5.895,,,
2019,Republic of Korea,61,5.872,1.245,1.023,0.095
2020,Republic of Korea,62,5.845,1.403,0.801,0.135
2021,Republic of Korea,59,5.935,1.851,0.841,0.176
2022,Republic of Korea,57,5.951,1.853,0.603,0.163
2023,Republic of Korea,52,6.058,1.815,0.77,0.158
2024,Republic of Korea,58,6.038,1.709,0.903,0.139
2011,Romania,80,5.178,,,
2012,Romania,90,5.033,,,
2014,Romania,86,5.124,,,
2015,Romania,71,5.528,,,
2016,Romania,57,5.825,,,
2017,Romania,52,5.945,,,
2018,Romania,48,6.07,,,
2019,Romania,47,6.124,1.12,0.792,0.001
2020,Romania,46,6.14,1.275,0.595,0.001
2021,Romania,28,6.477,1.719,0.655,0.006
2022,Romania,24,6.589,1.726,0.423,0.0
2023,Romania,32,6.491,1.699,0.583,0.006
2024,Romania,35,6.563,1.636,0.561,0.015
2011,Russian Federation,76,5.284,,,
2012,Russian Federation,68,5.464,,,
2014,Russian Federation,64,5.716,,,
2015,Russian Federation,56,5.856,,,
2016,Russian Federation,49,5.963,,,
2017,Russian Federation,59,5.81,,,
2018,Russian Federation,68,5.648,,,
2019,Russian Federation,73,5.546,1.127,0.68,0.046
2020,Russian Federation,76,5.477,1.241,0.511,0.06
2021,Russian Federation,80,5.459,1.685,0.586,0.08
2022,Russian Federation,70,5.661,1.68,0.366,0.091
2023,Russian Federation,72,5.785,1.642,0.531,0.121
2024,Russian Federation,66,5.945,1.63,0.47,0.125
2011,Rwanda,132,4.204,,,
2012,Rwanda,152,3.715,,,
2014,Rwanda,154,3.465,,,
2015,Rwanda,151,3.515,,,
2016,Rwanda,151,3.471,,,
2017,Rwanda,151,3.408,,,
2018,Rwanda,152,3.334,,,
2019,Rwanda,150,3.312,0.343,0.572,0.486
2020,Rwanda,147,3.415,0.364,0.407,0.493
2021,Rwanda,143,3.268,0.785,0.462,0.544
2011,Saudi Arabia,26,6.597,,,
2012,Saudi Arabia,33,6.48,,,
2014,Saudi Arabia,35,6.411,,,
2015,Saudi Arabia,34,6.379,,,
2016,Saudi Arabia,37,6.344,,,
2017,Saudi Arabia,33,6.371,,,
2018,Saudi Arabia,28,6.375,,,
2019,Saudi Arabia,27,6.406,1.334,0.76,0.163
2020,Saudi Arabia,26,6.494,1.435,0.571,0.163
2021,Saudi Arabia,25,6.523,1.87,0.577,0.18
2022,Saudi Arabia,30,6.463,1.861,0.351,0.17
2023,Saudi Arabia,28,6.594,1.842,0.511,0.188
2024,Saudi Arabia,32,6.6,1.743,0.714,0.187
2011,Senegal,125,4.414,,,
2012,Senegal,147,3.959,,,
2014,Senegal,142,3.904,,,
2015,Senegal,127,4.219,,,
2016,Senegal,115,4.535,,,
2017,Senegal,109,4.631,,,
2018,Senegal,111,4.681,,,
2019,Senegal,101,4.981,0.504,0.518,0.082
2020,Senegal,92,5.132,0.518,0.357,0.088
2021,Senegal,103,5.046,0.933,0.447,0.081
2022,Senegal,102,4.855,0.943,0.231,0.06
2023,Senegal,99,4.969,0.927,0.392,0.069
2024,Senegal,107,4.856,0.907,0.433,0.09
2011,Serbia,118,4.564,,,
2012,Serbia,106,4.813,,,
2014,Serbia,87,5.123,,,
2015,Serbia,86,5.177,,,
2016,Serbia,73,5.395,,,
2017,Serbia,78,5.398,,,
2018,Serbia,70,5.603,,,
2019,Serbia,64,5.778,0.988,0.828,0.059
2020,Serbia,48,6.078,1.101,0.634,0.066
2021,Serbia,43,6.178,1.55,0.658,0.088
2022,Serbia,44,6.144,1.552,0.424,0.081
2023,Serbia,37,6.411,1.538,0.585,0.101
2024,Serbia,31,6.606,1.489,0.545,0.107
2011,Sierra Leone,153,3.586,,,
2012,Sierra Leone,127,4.318,,,
2014,Sierra Leone,123,4.507,,,
2015,Sierra Leone,110,4.635,,,
2016,Sierra Leone,106,4.709,,,
2017,Sierra Leone,113,4.571,,,
2018,Sierra Leone,129,4.374,,,
2019,Sierra Leone,139,3.926,0.241,0.204,0.048
2020,Sierra Leone,138,3.849,0.279,0.1,0.047
2021,Sierra Leone,140,3.574,0.686,0.273,0.055
2022,Sierra Leone,135,3.138,0.67,0.092,0.051
2023,Sierra Leone,140,3.245,0.654,0.253,0.053
2024,Sierra Leone,146,2.998,0.786,0.327,0.052
2011,Singapore,33,6.549,,,
2012,Singapore,30,6.546,,,
2014,Singapore,24,6.798,,,
2015,Singapore,22,6.739,,,
2016,Singapore,26,6.572,,,
2017,Singapore,34,6.343,,,
2018,Singapore,34,6.262,,,
2019,Singapore,31,6.377,1.52,1.138,0.533
2020,Singapore,32,6.377,1.695,0.897,0.547
2021,Singapore,27,6.48,2.149,0.851,0.587
2022,Singapore,25,6.587,2.168,0.607,0.561
2023,Singapore,30,6.523,2.118,0.769,0.575
2024,Singapore,34,6.565,2.022,0.935,0.522
2011,Slovakia,55,5.657,,,
2012,Slovakia,46,5.969,,,
2014,Slovakia,45,5.995,,,
2015,Slovakia,45,6.078,,,
2016,Slovakia,40,6.098,,,
2017,Slovakia,39,6.173,,,
2018,Slovakia,38,6.198,,,
2019,Slovakia,37,6.281,1.195,0.853,0.011
2020,Slovakia,34,6.331,1.304,0.653,0.018
2021,Slovakia,35,6.391,1.736,0.707,0.025
2022,Slovakia,29,6.469,1.731,0.472,0.022
2023,Slovakia,45,6.257,1.706,0.638,0.058
2024,Slovakia,50,6.221,1.629,0.547,0.07
2011,Slovenia,49,5.922,,,
2012,Slovenia,44,6.06,,,
2014,Slovenia,55,5.848,,,
2015,Slovenia,63,5.768,,,
2016,Slovenia,62,5.758,,,
2017,Slovenia,51,5.948,,,
2018,Slovenia,44,6.118,,,
2019,Slovenia,33,6.363,1.209,0.933,0.077
2020,Slovenia,29,6.461,1.36,0.722,0.085
2021,Slovenia,22,6.63,1.81,0.769,0.115
2022,Slovenia,22,6.65,1.815,0.532,0.113
2023,Slovenia,21,6.743,1.786,0.695,0.131
2024,Slovenia,19,6.792,1.692,0.802,0.113
2011,Somalia,111,4.691,,,
2012,Somalia,101,4.847,,,
2014,Somalia,91,5.057,,,
2015,Somalia,82,5.248,,,
2016,Somalia,93,5.151,,,
2017,Somalia,98,4.982,,,
2018,Somalia,112,4.668,,,
2024,Somalia,122,4.347,0.535,0.046,0.192
2011,South Africa,90,5.101,,,
2012,South Africa,95,4.963,,,
2014,South Africa,113,4.642,,,
2015,South Africa,115,4.459,,,
2016,South Africa,101,4.829,,,
2017,South Africa,105,4.724,,,
2018,South Africa,106,4.722,,,
2019,South Africa,109,4.814,0.902,0.407,0.06
2020,South Africa,103,4.956,0.967,0.265,0.051
2021,South Africa,91,5.194,1.425,0.361,0.046
2022,South Africa,85,5.275,1.417,0.149,0.019
2023,South Africa,83,5.422,1.389,0.322,0.034
2024,South Africa,95,5.213,1.283,0.142,0.043
2015,South Sudan,142,3.832,,,
2016,South Sudan,147,3.591,,,
2017,South Sudan,154,3.254,,,
2018,South Sudan,156,2.853,,,
2019,South Sudan,152,2.817,0.289,0.209,0.111
2011,Spain,22,6.761,,,
2012,Spain,38,6.322,,,
2014,Spain,36,6.329,,,
2015,Spain,37,6.361,,,
2016,Spain,34,6.403,,,
2017,Spain,36,6.31,,,
2018,Spain,30,6.354,,,
2019,Spain,28,6.401,1.231,1.051,0.11
2020,Spain,27,6.491,1.375,0.826,0.124
2021,Spain,29,6.476,1.808,0.808,0.149
2022,Spain,32,6.436,1.798,0.567,0.157
2023,Spain,36,6.421,1.766,0.729,0.177
2024,Spain,38,6.466,1.69,0.894,0.18
2011,Sri Lanka,130,4.26,,,
2012,Sri Lanka,137,4.151,,,
2014,Sri Lanka,132,4.271,,,
2015,Sri Lanka,116,4.415,,,
2016,Sri Lanka,120,4.44,,,
2017,Sri Lanka,116,4.471,,,
2018,Sri Lanka,130,4.366,,,
2019,Sri Lanka,130,4.327,0.898,0.792,0.049
2020,Sri Lanka,129,4.325,0.99,0.593,0.049
2021,Sri Lanka,127,4.362,1.415,0.66,0.079
2022,Sri Lanka,112,4.442,1.422,0.426,0.086
2023,Sri Lanka,128,3.898,1.361,0.586,0.031
2024,Sri Lanka,133,3.891,1.271,0.567,0.025
2011,Sudan,124,4.424,,,
2012,Sudan,124,4.401,,,
2014,Sudan,118,4.55,,,
2015,Sudan,132,4.139,,,
2016,Sudan,130,4.139,,,
2017,Sudan,137,4.139,,,
2012,Suriname,40,6.269,,,
2014,Suriname,40,6.269,,,
2015,Suriname,40,6.269,,,
2011,Sweden,7,7.379,,,
2012,Sweden,5,7.48,,,
2014,Sweden,8,7.364,,,
2015,Sweden,10,7.291,,,
2016,Sweden,9,7.284,,,
2017,Sweden,9,7.314,,,
2018,Sweden,7,7.343,,,
2019,Sweden,7,7.353,1.322,0.986,0.442
2020,Sweden,7,7.363,1.478,0.763,0.448
2021,Sweden,7,7.384,1.92,0.803,0.512
2022,Sweden,6,7.395,1.921,0.562,0.52
2023,Sweden,4,7.344,1.878,0.724,0.524
2024,Sweden,4,7.345,1.783,0.889,0.467
2011,Switzerland,5,7.499,,,
2012,Switzerland,3,7.65,,,
2014,Switzerland,1,7.587,,,
2015,Switzerland,2,7.509,,,
2016,Switzerland,4,7.494,,,
2017,Switzerland,5,7.487,,,
2018,Switzerland,6,7.48,,,
2019,Switzerland,3,7.56,1.391,1.041,0.408
2020,Switzerland,3,7.571,1.566,0.816,0.413
2021,Switzerland,4,7.512,2.026,0.822,0.461
2022,Switzerland,8,7.24,2.022,0.582,0.475
2023,Switzerland,9,7.06,1.97,0.747,0.498
2024,Switzerland,13,6.935,1.87,0.883,0.468
2011,Syria,107,4.735,,,
2012,Syria,148,3.892,,,
2014,Syria,156,3.006,,,
2015,Syria,155,3.069,,,
2016,Syria,152,3.462,,,
2017,Syria,150,3.462,,,
2018,Syria,149,3.462,,,
2011,Taiwan Province of China,46,5.988,,,
2012,Taiwan Province of China,42,6.221,,,
2014,Taiwan Province of China,38,6.298,,,
2015,Taiwan Province of China,34,6.379,,,
2016,Taiwan Province of China,33,6.422,,,
2017,Taiwan Province of China,26,6.441,,,
2018,Taiwan Province of China,25,6.446,,,
2019,Taiwan Province of China,25,6.455,1.327,0.878,0.132
2020,Taiwan Province of China,24,6.584,1.48,0.665,0.139
2021,Taiwan Province of China,26,6.512,1.897,0.733,0.168
2022,Taiwan Province of China,27,6.535,1.89,0.492,0.178
2023,Taiwan Province of China,31,6.503,1.842,0.65,0.202
2024,Taiwan Province of China,27,6.669,1.73,0.817,0.187
2011,Tajikistan,115,4.614,,,
2012,Tajikistan,125,4.38,,,
2014,Tajikistan,106,4.786,,,
2015,Tajikistan,99,4.996,,,
2016,Tajikistan,96,5.041,,,
2017,Tajikistan,80,5.352,,,
2018,Tajikistan,74,5.467,,,
2019,Tajikistan,71,5.556,0.475,0.681,0.222
2020,Tajikistan,78,5.466,0.508,0.498,0.247
2021,Tajikistan,83,5.377,0.966,0.518,0.304
2022,Tajikistan,80,5.33,0.972,0.291,0.292
2023,Tajikistan,88,5.281,,,
2024,Tajikistan,89,5.411,0.914,0.658,0.342
2011,Tanzania,149,3.8,,,
2012,Tanzania,151,3.77,,,
2014,Tanzania,146,3.781,,,
2015,Tanzania,148,3.666,,,
2016,Tanzania,153,3.349,,,
2017,Tanzania,153,3.303,,,
2018,Tanzania,153,3.231,,,
2019,Tanzania,148,3.476,0.457,0.443,0.204
2020,Tanzania,142,3.623,0.433,0.3,0.231
2021,Tanzania,139,3.702,0.848,0.425,0.27
2022,Tanzania,129,3.694,0.836,0.214,0.269
2023,Tanzania,131,3.781,0.82,0.38,0.257
2024,Tanzania,136,3.8,0.847,0.411,0.243
2011,Thailand,52,5.804,,,
2012,Thailand,36,6.371,,,
2014,Thailand,34,6.455,,,
2015,Thailand,33,6.474,,,
2016,Thailand,32,6.424,,,
2017,Thailand,46,6.072,,,
2018,Thailand,52,6.008,,,
2019,Thailand,54,5.999,1.007,0.794,0.032
2020,Thailand,54,5.985,1.107,0.596,0.028
2021,Thailand,61,5.891,1.535,0.697,0.026
2022,Thailand,60,5.843,1.515,0.461,0.013
2023,Thailand,58,5.976,1.484,0.62,0.024
2024,Thailand,49,6.222,1.426,0.633,0.039
2011,Togo,156,3.007,,,
2012,Togo,156,2.936,,,
2014,Togo,158,2.839,,,
2015,Togo,154,3.303,,,
2016,Togo,150,3.495,,,
2017,Togo,139,3.999,,,
2018,Togo,139,4.085,,,
2019,Togo,135,4.187,0.268,0.343,0.115
2020,Togo,136,4.107,0.254,0.203,0.107
2021,Togo,135,4.112,0.771,0.36,0.132
2022,Togo,122,4.137,0.77,0.161,0.136
2023,Togo,124,4.214,0.758,0.32,0.156
2024,Togo,127,4.315,0.757,0.378,0.153
2011,Trinidad and Tobago,38,6.263,,,
2012,Trinidad and Tobago,31,6.519,,,
2014,Trinidad and Tobago,41,6.168,,,
2015,Trinidad and Tobago,43,6.168,,,
2016,Trinidad and Tobago,38,6.168,,,
2017,Trinidad and Tobago,38,6.192,,,
2018,Trinidad and Tobago,39,6.192,,,
2019,Trinidad and Tobago,42,6.192,1.168,0.659,0.015
2024,Trinidad and Tobago,70,5.905,1.549,0.419,0.001
2011,Tunisia,87,5.141,,,
2012,Tunisia,104,4.826,,,
2014,Tunisia,107,4.739,,,
2015,Tunisia,97,5.045,,,
2016,Tunisia,102,4.805,,,
2017,Tunisia,111,4.592,,,
2018,Tunisia,124,4.461,,,
2019,Tunisia,128,4.392,0.875,0.781,0.044
2020,Tunisia,122,4.596,0.919,0.59,0.044
2021,Tunisia,120,4.516,1.35,0.656,0.029
2022,Tunisia,110,4.497,1.333,0.422,0.016
2023,Tunisia,115,4.422,1.306,0.579,0.018
2024,Tunisia,113,4.552,1.257,0.459,0.05
2011,Turkiye,78,5.234,,,
2012,Turkiye,77,5.345,,,
2014,Turkiye,76,5.332,,,
2015,Turkiye,77,5.389,,,
2016,Turkiye,69,5.5,,,
2017,Turkiye,73,5.483,,,
2018,Turkiye,79,5.373,,,
2019,Turkiye,93,5.132,1.127,0.781,0.121
2020,Turkiye,104,4.948,1.26,0.59,0.104
2021,Turkiye,112,4.744,1.707,0.702,0.115
2022,Turkiye,106,4.614,1.714,0.467,0.096
2023,Turkiye,98,4.975,1.702,0.631,0.115
2024,Turkiye,94,5.262,1.582,0.626,0.104
2011,Turkmenistan,32,6.568,,,
2012,Turkmenistan,59,5.628,,,
2014,Turkmenistan,70,5.548,,,
2015,Turkmenistan,65,5.658,,,
2016,Turkmenistan,59,5.822,,,
2017,Turkmenistan,68,5.636,,,
2018,Turkmenistan,87,5.247,,,
2019,Turkmenistan,95,5.119,1.009,0.612,0.034
2020,Turkmenistan,97,5.066,1.046,0.439,0.033
2021,Turkmenistan,78,5.474,1.484,0.516,0.032
2011,Uganda,128,4.313,,,
2012,Uganda,120,4.443,,,
2014,Uganda,141,3.931,,,
2015,Uganda,144,3.739,,,
2016,Uganda,133,4.081,,,
2017,Uganda,135,4.161,,,
2018,Uganda,136,4.189,,,
2019,Uganda,126,4.432,0.312,0.378,0.064
2020,Uganda,119,4.636,0.364,0.24,0.054
2021,Uganda,117,4.603,0.777,0.418,0.066
2022,Uganda,113,4.432,0.785,0.201,0.051
2023,Uganda,117,4.372,0.772,0.373,0.054
2024,Uganda,116,4.461,0.762,0.396,0.05
2011,Ukraine,91,5.089,,,
2012,Ukraine,87,5.057,,,
2014,Ukraine,111,4.681,,,
2015,Ukraine,122,4.324,,,
2016,Ukraine,132,4.096,,,
2017,Ukraine,138,4.103,,,
2018,Ukraine,133,4.332,,,
2019,Ukraine,123,4.561,0.78,0.699,0.01
2020,Ukraine,110,4.875,0.979,0.517,0.01
2021,Ukraine,98,5.084,1.411,0.583,0.017
2022,Ukraine,92,5.071,1.358,0.355,0.016
2023,Ukraine,105,4.873,1.35,0.513,0.025
2024,Ukraine,111,4.68,1.328,0.472,0.023
2011,United Arab Emirates,17,6.977,,,
2012,United Arab Emirates,14,7.144,,,
2014,United Arab Emirates,20,6.901,,,
2015,United Arab Emirates,28,6.573,,,
2016,United Arab Emirates,21,6.648,,,
2017,United Arab Emirates,20,6.774,,,
2018,United Arab Emirates,21,6.825,,,
2019,United Arab Emirates,21,6.791,1.431,0.788,0.22
2020,United Arab Emirates,25,6.561,1.555,0.594,0.223
2021,United Arab Emirates,24,6.576,1.998,0.633,0.25
2022,United Arab Emirates,26,6.571,2.015,0.401,0.247
2023,United Arab Emirates,22,6.733,1.983,0.563,0.258
2024,United Arab Emirates,21,6.759,1.812,0.659,0.235
2011,United Kingdom,18,6.936,,,
2012,United Kingdom,22,6.883,,,
2014,United Kingdom,21,6.867,,,
2015,United Kingdom,23,6.725,,,
2016,United Kingdom,19,6.714,,,
2017,United Kingdom,19,6.814,,,
2018,United Kingdom,15,7.054,,,
2019,United Kingdom,13,7.165,1.273,0.976,0.323
2020,United Kingdom,17,7.064,1.423,0.757,0.306
2021,United Kingdom,17,6.943,1.867,0.75,0.329
2022,United Kingdom,19,6.796,1.857,0.511,0.34
2023,United Kingdom,20,6.749,1.822,0.672,0.351
2024,United Kingdom,23,6.728,1.725,0.779,0.318
2011,United States,11,7.27,,,
2012,United States,17,7.082,,,
2014,United States,15,7.119,,,
2015,United States,13,7.104,,,
2016,United States,14,6.993,,,
2017,United States,18,6.886,,,
2018,United States,19,6.892,,,
2019,United States,18,6.94,1.374,0.832,0.152
2020,United States,19,6.951,1.533,0.621,0.154
2021,United States,16,6.977,1.982,0.628,0.177
2022,United States,15,6.894,1.98,0.39,0.172
2023,United States,23,6.725,1.939,0.542,0.169
2024,United States,24,6.724,1.839,0.604,0.161
2011,Uruguay,50,5.898,,,
2012,Uruguay,37,6.355,,,
2014,Uruguay,32,6.485,,,
2015,Uruguay,29,6.545,,,
2016,Uruguay,28,6.454,,,
2017,Uruguay,31,6.379,,,
2018,Uruguay,33,6.293,,,
2019,Uruguay,26,6.44,1.071,0.857,0.193
2020,Uruguay,31,6.431,1.164,0.649,0.223
2021,Uruguay,30,6.474,1.615,0.672,0.265
2022,Uruguay,28,6.494,1.617,0.435,0.254
2023,Uruguay,26,6.611,1.596,0.592,0.22
2024,Uruguay,28,6.661,1.554,0.523,0.197
2011,Uzbekistan,79,5.225,,,
2012,Uzbekistan,60,5.623,,,
2014,Uzbekistan,44,6.003,,,
2015,Uzbekistan,49,5.987,,,
2016,Uzbekistan,47,5.971,,,
2017,Uzbekistan,44,6.096,,,
2018,Uzbekistan,41,6.174,,,
2019,Uzbekistan,38,6.258,0.697,0.717,0.28
2020,Uzbekistan,42,6.179,0.769,0.528,0.271
2021,Uzbekistan,53,6.063,1.219,0.6,0.24
2022,Uzbekistan,54,6.014,1.227,0.375,0.208
2023,Uzbekistan,47,6.195,1.212,0.539,0.215
2024,Uzbekistan,53,6.193,1.179,0.654,0.208
2011,Venezuela,19,6.922,,,
2012,Venezuela,20,7.039,,,
2014,Venezuela,23,6.81,,,
2015,Venezuela,44,6.084,,,
2016,Venezuela,82,5.25,,,
2017,Venezuela,102,4.806,,,
2018,Venezuela,108,4.707,,,
2019,Venezuela,99,5.053,0.77,0.767,0.064
2020,Venezuela,107,4.892,0.852,0.574,0.072
2021,Venezuela,108,4.925,0.0,0.578,0.082
2022,Venezuela,88,5.211,0.0,0.341,0.084
2023,Venezuela,79,5.607,0.0,0.491,0.086
2024,Venezuela,82,5.683,0.0,0.515,0.117
2011,Viet Nam,65,5.425,,,
2012,Viet Nam,63,5.533,,,
2014,Viet Nam,75,5.36,,,
2015,Viet Nam,96,5.061,,,
2016,Viet Nam,94,5.074,,,
2017,Viet Nam,95,5.103,,,
2018,Viet Nam,94,5.175,,,
2019,Viet Nam,83,5.353,0.718,0.819,0.09
2020,Viet Nam,79,5.411,0.817,0.616,0.091
2021,Viet Nam,77,5.485,1.252,0.611,0.105
2022,Viet Nam,65,5.763,1.349,0.381,0.122
2023,Viet Nam,54,6.043,1.331,0.539,0.16
2024,Viet Nam,46,6.352,1.278,0.631,0.174
2011,West Bank and Gaza,120,4.555,,,
2012,West Bank and Gaza,113,4.7,,,
2014,West Bank and Gaza,108,4.715,,,
2015,West Bank and Gaza,107,4.754,,,
2016,West Bank and Gaza,103,4.775,,,
2017,West Bank and Gaza,104,4.743,,,
2018,West Bank and Gaza,110,4.696,,,
2019,West Bank and Gaza,125,4.553,0.588,0.614,0.072
2020,West Bank and Gaza,125,4.517,0.646,0.434,0.075
2021,West Bank and Gaza,122,4.483,1.148,0.521,0.079
2022,West Bank and Gaza,99,4.908,1.144,,0.067
2023,West Bank and Gaza,103,4.879,,,
2024,West Bank and Gaza,108,4.78,1.047,,0.081
2011,Yemen,123,4.454,,,
2012,Yemen,142,4.054,,,
2014,Yemen,136,4.077,,,
2015,Yemen,146,3.724,,,
2016,Yemen,146,3.593,,,
2017,Yemen,152,3.355,,,
2018,Yemen,151,3.38,,,
2019,Yemen,146,3.527,0.393,0.415,0.087
2020,Yemen,141,3.658,0.329,0.272,0.089
2021,Yemen,132,4.197,0.691,0.384,0.098
2023,Yemen,133,3.561,0.671,0.293,0.113
2024,Yemen,140,3.561,0.631,0.375,0.106
2011,Zambia,108,4.705,,,
2012,Zambia,91,5.006,,,
2014,Zambia,85,5.129,,,
2015,Zambia,105,4.795,,,
2016,Zambia,116,4.514,,,
2017,Zambia,125,4.377,,,
2018,Zambia,138,4.107,,,
2019,Zambia,141,3.759,0.537,0.364,0.087
2020,Zambia,137,4.073,0.528,0.231,0.074
2021,Zambia,137,3.76,0.93,0.306,0.083
2022,Zambia,128,3.982,0.914,0.095,0.08
2023,Zambia,134,3.502,0.899,0.264,0.109
2024,Zambia,131,3.912,0.848,0.233,0.107
2011,Zimbabwe,142,3.978,,,
2012,Zimbabwe,103,4.827,,,
2014,Zimbabwe,115,4.61,,,
2015,Zimbabwe,130,4.193,,,
2016,Zimbabwe,138,3.875,,,
2017,Zimbabwe,144,3.692,,,
2018,Zimbabwe,146,3.663,,,
2019,Zimbabwe,151,3.299,0.426,0.375,0.081
2020,Zimbabwe,148,3.145,0.457,0.243,0.075
2021,Zimbabwe,144,2.995,0.947,0.27,0.105
2022,Zimbabwe,134,3.204,0.758,0.069,0.117
2023,Zimbabwe,138,3.341,0.748,0.232,0.131
2024,Zimbabwe,143,3.396,0.827,0.178,0.131
